scenario_id,root_depth_m,depletion_fraction_p,kc_multiplier,is_baseline,mean_et0_mm_day,mean_etc_mm_day,mean_depletion_mm,max_depletion_mm,taw_mm,raw_mm,n_days_high_stress,n_days_medium_stress,n_days_low_stress,pct_days_high_stress,delta_mean_etc,delta_mean_depletion,delta_n_high_stress
1,0.8,0.4,0.9,False,5.015052238928734,3.3670310772906564,69.50050942920046,101.11842329430476,101.11842329430476,40.44736931772191,409,40,183,64.72,-0.3741,-37.17,5
2,0.8,0.4,1.0,False,5.015052238928734,3.741145641434062,71.41521924828749,101.11842329430476,101.11842329430476,40.44736931772191,419,37,176,66.3,0.0,-35.26,15
3,0.8,0.4,1.1,False,5.015052238928734,4.11526020557747,73.46045162453281,101.11842329430476,101.11842329430476,40.44736931772191,430,33,169,68.04,0.3741,-33.21,26
4,0.8,0.5,0.9,False,5.015052238928734,3.3670310772906564,69.50050942920046,101.11842329430476,101.11842329430476,50.55921164715238,397,32,203,62.82,-0.3741,-37.17,-7
5,0.8,0.5,1.0,False,5.015052238928734,3.741145641434062,71.41521924828749,101.11842329430476,101.11842329430476,50.55921164715238,410,32,190,64.87,0.0,-35.26,6
6,0.8,0.5,1.1,False,5.015052238928734,4.11526020557747,73.46045162453281,101.11842329430476,101.11842329430476,50.55921164715238,420,33,179,66.46,0.3741,-33.21,16
7,0.8,0.6,0.9,False,5.015052238928734,3.3670310772906564,69.50050942920046,101.11842329430476,101.11842329430476,60.671053976582854,383,26,223,60.6,-0.3741,-37.17,-21
8,0.8,0.6,1.0,False,5.015052238928734,3.741145641434062,71.41521924828749,101.11842329430476,101.11842329430476,60.671053976582854,397,22,213,62.82,0.0,-35.26,-7
9,0.8,0.6,1.1,False,5.015052238928734,4.11526020557747,73.46045162453281,101.11842329430476,101.11842329430476,60.671053976582854,409,21,202,64.72,0.3741,-33.21,5
10,1.0,0.4,0.9,False,5.015052238928734,3.3670310772906564,86.36665899867579,126.39802911788095,126.39802911788095,50.55921164715238,409,35,188,64.72,-0.3741,-20.31,5
11,1.0,0.4,1.0,False,5.015052238928734,3.741145641434062,89.16829113660839,126.39802911788095,126.39802911788095,50.55921164715238,423,28,181,66.93,0.0,-17.5,19
12,1.0,0.4,1.1,False,5.015052238928734,4.11526020557747,91.862062092796,126.39802911788095,126.39802911788095,50.55921164715238,434,25,173,68.67,0.3741,-14.81,30
13,1.0,0.5,0.9,False,5.015052238928734,3.3670310772906564,86.36665899867579,126.39802911788095,126.39802911788095,63.199014558940476,394,36,202,62.34,-0.3741,-20.31,-10
14,1.0,0.5,1.0,False,5.015052238928734,3.741145641434062,89.16829113660839,126.39802911788095,126.39802911788095,63.199014558940476,405,34,193,64.08,0.0,-17.5,1
15,1.0,0.5,1.1,False,5.015052238928734,4.11526020557747,91.862062092796,126.39802911788095,126.39802911788095,63.199014558940476,415,31,186,65.66,0.3741,-14.81,11
16,1.0,0.6,0.9,False,5.015052238928734,3.3670310772906564,86.36665899867579,126.39802911788095,126.39802911788095,75.83881747072857,376,33,223,59.49,-0.3741,-20.31,-28
17,1.0,0.6,1.0,False,5.015052238928734,3.741145641434062,89.16829113660839,126.39802911788095,126.39802911788095,75.83881747072857,393,30,209,62.18,0.0,-17.5,-11
18,1.0,0.6,1.1,False,5.015052238928734,4.11526020557747,91.862062092796,126.39802911788095,126.39802911788095,75.83881747072857,403,31,198,63.77,0.3741,-14.81,-1
19,1.2,0.4,0.9,False,5.015052238928734,3.3670310772906564,103.50599410085685,151.67763494145714,151.67763494145714,60.67105397658286,407,31,194,64.4,-0.3741,-3.17,3
20,1.2,0.4,1.0,False,5.015052238928734,3.741145641434062,106.67291536248993,151.67763494145714,151.67763494145714,60.67105397658286,419,27,186,66.3,0.0,0.0,15
21,1.2,0.4,1.1,False,5.015052238928734,4.11526020557747,109.7191936318851,151.67763494145714,151.67763494145714,60.67105397658286,427,26,179,67.56,0.3741,3.05,23
22,1.2,0.5,0.9,False,5.015052238928734,3.3670310772906564,103.50599410085685,151.67763494145714,151.67763494145714,75.83881747072857,389,35,208,61.55,-0.3741,-3.17,-15
23,1.2,0.5,1.0,True,5.015052238928734,3.741145641434062,106.67291536248993,151.67763494145714,151.67763494145714,75.83881747072857,404,28,200,63.92,0.0,0.0,0
24,1.2,0.5,1.1,False,5.015052238928734,4.11526020557747,109.7191936318851,151.67763494145714,151.67763494145714,75.83881747072857,419,22,191,66.3,0.3741,3.05,15
25,1.2,0.6,0.9,False,5.015052238928734,3.3670310772906564,103.50599410085685,151.67763494145714,151.67763494145714,91.00658096487429,371,36,225,58.7,-0.3741,-3.17,-33
26,1.2,0.6,1.0,False,5.015052238928734,3.741145641434062,106.67291536248993,151.67763494145714,151.67763494145714,91.00658096487429,383,36,213,60.6,0.0,0.0,-21
27,1.2,0.6,1.1,False,5.015052238928734,4.11526020557747,109.7191936318851,151.67763494145714,151.67763494145714,91.00658096487429,398,29,205,62.97,0.3741,3.05,-6
28,1.5,0.4,0.9,False,5.015052238928734,3.3670310772906564,128.34975963785467,189.59704367682144,189.59704367682144,75.83881747072859,396,32,204,62.66,-0.3741,21.68,-8
29,1.5,0.4,1.0,False,5.015052238928734,3.741145641434062,132.10682356064433,189.59704367682144,189.59704367682144,75.83881747072859,407,49,176,64.4,0.0,25.43,3
30,1.5,0.4,1.1,False,5.015052238928734,4.11526020557747,136.18785385472407,189.59704367682144,189.59704367682144,75.83881747072859,417,59,156,65.98,0.3741,29.51,13
31,1.5,0.5,0.9,False,5.015052238928734,3.3670310772906564,128.34975963785467,189.59704367682144,189.59704367682144,94.79852183841072,386,26,220,61.08,-0.3741,21.68,-18
32,1.5,0.5,1.0,False,5.015052238928734,3.741145641434062,132.10682356064433,189.59704367682144,189.59704367682144,94.79852183841072,396,23,213,62.66,0.0,25.43,-8
33,1.5,0.5,1.1,False,5.015052238928734,4.11526020557747,136.18785385472407,189.59704367682144,189.59704367682144,94.79852183841072,405,30,197,64.08,0.3741,29.51,1
34,1.5,0.6,0.9,False,5.015052238928734,3.3670310772906564,128.34975963785467,189.59704367682144,189.59704367682144,113.75822620609286,367,29,236,58.07,-0.3741,21.68,-37
35,1.5,0.6,1.0,False,5.015052238928734,3.741145641434062,132.10682356064433,189.59704367682144,189.59704367682144,113.75822620609286,384,23,225,60.76,0.0,25.43,-20
36,1.5,0.6,1.1,False,5.015052238928734,4.11526020557747,136.18785385472407,189.59704367682144,189.59704367682144,113.75822620609286,396,21,215,62.66,0.3741,29.51,-8
