date,mango_stage,stage_kc,interpolated_kc,et0_mm_day,etc_mm_day,root_zone_depletion_mm,taw_mm,raw_mm,ks,water_stress_level,interpolation_method
2025-01-01,Flowering,0.75,0.75,2.8635,2.1476,2.148,151.67763494145714,75.83881747072857,1.0,Low,linear_midpoint
2025-01-02,Flowering,0.75,0.75,2.8185,2.1139,4.262,151.67763494145714,75.83881747072857,1.0,Low,linear_midpoint
2025-01-03,Flowering,0.75,0.75,3.0334,2.2751,6.537,151.67763494145714,75.83881747072857,1.0,Low,linear_midpoint
2025-01-04,Flowering,0.75,0.75,3.0616,2.2962,8.833,151.67763494145714,75.83881747072857,1.0,Low,linear_midpoint
2025-01-05,Flowering,0.75,0.75,2.9623,2.2217,11.054,151.67763494145714,75.83881747072857,1.0,Low,linear_midpoint
2025-01-06,Flowering,0.75,0.75,3.164,2.373,13.427,151.67763494145714,75.83881747072857,1.0,Low,linear_midpoint
2025-01-07,Flowering,0.75,0.75,3.1877,2.3908,15.818,151.67763494145714,75.83881747072857,1.0,Low,linear_midpoint
2025-01-08,Flowering,0.75,0.75,3.1368,2.3526,18.171,151.67763494145714,75.83881747072857,1.0,Low,linear_midpoint
2025-01-09,Flowering,0.75,0.75,2.6037,1.9528,20.124,151.67763494145714,75.83881747072857,1.0,Low,linear_midpoint
2025-01-10,Flowering,0.75,0.75,2.3094,1.732,21.846,151.67763494145714,75.83881747072857,1.0,Low,linear_midpoint
2025-01-11,Flowering,0.75,0.75,1.9418,1.4564,23.302,151.67763494145714,75.83881747072857,1.0,Low,linear_midpoint
2025-01-12,Flowering,0.75,0.75,3.2159,2.4119,25.524,151.67763494145714,75.83881747072857,1.0,Low,linear_midpoint
2025-01-13,Flowering,0.75,0.75,2.4262,1.8197,25.424,151.67763494145714,75.83881747072857,1.0,Low,linear_midpoint
2025-01-14,Flowering,0.75,0.75,2.4988,1.8741,26.948,151.67763494145714,75.83881747072857,1.0,Low,linear_midpoint
2025-01-15,Flowering,0.75,0.75,2.7264,2.0448,28.993,151.67763494145714,75.83881747072857,1.0,Low,linear_midpoint
2025-01-16,Flowering,0.75,0.75,2.9698,2.2274,31.22,151.67763494145714,75.83881747072857,1.0,Low,linear_midpoint
2025-01-17,Flowering,0.75,0.75,2.4881,1.8661,33.086,151.67763494145714,75.83881747072857,1.0,Low,linear_midpoint
2025-01-18,Flowering,0.75,0.75,3.0884,2.3163,33.062,151.67763494145714,75.83881747072857,1.0,Low,linear_midpoint
2025-01-19,Flowering,0.75,0.75,1.6655,1.2492,26.401,151.67763494145714,75.83881747072857,1.0,Low,linear_midpoint
2025-01-20,Flowering,0.75,0.75,3.3519,2.514,28.835,151.67763494145714,75.83881747072857,1.0,Low,linear_midpoint
2025-01-21,Flowering,0.75,0.75,3.4753,2.6065,31.442,151.67763494145714,75.83881747072857,1.0,Low,linear_midpoint
2025-01-22,Flowering,0.75,0.75,3.5483,2.6612,34.103,151.67763494145714,75.83881747072857,1.0,Low,linear_midpoint
2025-01-23,Flowering,0.75,0.75,3.694,2.7705,36.874,151.67763494145714,75.83881747072857,1.0,Low,stage_anchor
2025-01-24,Flowering,0.75,0.75135,3.6654,2.754,39.628,151.67763494145714,75.83881747072857,1.0,Low,linear_midpoint
2025-01-25,Flowering,0.75,0.75405,3.7664,2.8401,42.468,151.67763494145714,75.83881747072857,1.0,Low,linear_midpoint
2025-01-26,Flowering,0.75,0.75676,4.078,3.0861,45.554,151.67763494145714,75.83881747072857,1.0,Low,linear_midpoint
2025-01-27,Flowering,0.75,0.75946,3.7769,2.8684,48.422,151.67763494145714,75.83881747072857,1.0,Low,linear_midpoint
2025-01-28,Flowering,0.75,0.76216,3.6713,2.7981,51.22,151.67763494145714,75.83881747072857,1.0,Low,linear_midpoint
2025-01-29,Flowering,0.75,0.76486,3.9922,3.0535,54.274,151.67763494145714,75.83881747072857,1.0,Low,linear_midpoint
2025-01-30,Flowering,0.75,0.76757,4.0089,3.0771,57.351,151.67763494145714,75.83881747072857,1.0,Low,linear_midpoint
2025-01-31,Flowering,0.75,0.77027,4.1567,3.2018,60.553,151.67763494145714,75.83881747072857,1.0,Low,linear_midpoint
2025-02-01,Flowering,0.75,0.77297,4.3318,3.3484,63.901,151.67763494145714,75.83881747072857,1.0,Low,linear_midpoint
2025-02-02,Flowering,0.75,0.77568,4.5672,3.5427,67.444,151.67763494145714,75.83881747072857,1.0,Low,linear_midpoint
2025-02-03,Flowering,0.75,0.77838,4.9256,3.834,71.278,151.67763494145714,75.83881747072857,1.0,Low,linear_midpoint
2025-02-04,Flowering,0.75,0.78108,5.0202,3.9212,75.199,151.67763494145714,75.83881747072857,1.0,Low,linear_midpoint
2025-02-05,Flowering,0.75,0.78378,4.8985,3.8394,79.038,151.67763494145714,75.83881747072857,0.9578,Low,linear_midpoint
2025-02-06,Flowering,0.75,0.78649,4.4737,3.5185,82.557,151.67763494145714,75.83881747072857,0.9114,Low,linear_midpoint
2025-02-07,Flowering,0.75,0.78919,4.536,3.5797,86.137,151.67763494145714,75.83881747072857,0.8642,Medium,linear_midpoint
2025-02-08,Flowering,0.75,0.79189,4.4769,3.5452,89.682,151.67763494145714,75.83881747072857,0.8175,Medium,linear_midpoint
2025-02-09,Flowering,0.75,0.79459,4.2487,3.376,93.058,151.67763494145714,75.83881747072857,0.773,Medium,linear_midpoint
2025-02-10,Flowering,0.75,0.7973,4.0693,3.2444,96.302,151.67763494145714,75.83881747072857,0.7302,Medium,linear_midpoint
2025-02-11,Flowering,0.75,0.8,4.7613,3.8091,100.111,151.67763494145714,75.83881747072857,0.6799,Medium,linear_midpoint
2025-02-12,Flowering,0.75,0.8027,5.0988,4.0928,104.204,151.67763494145714,75.83881747072857,0.626,Medium,linear_midpoint
2025-02-13,Flowering,0.75,0.80541,5.4121,4.359,108.563,151.67763494145714,75.83881747072857,0.5685,High,linear_midpoint
2025-02-14,Flowering,0.75,0.80811,5.2325,4.2284,112.791,151.67763494145714,75.83881747072857,0.5127,High,linear_midpoint
2025-02-15,Flowering,0.75,0.81081,5.0757,4.1154,116.907,151.67763494145714,75.83881747072857,0.4585,High,linear_midpoint
2025-02-16,Fruit set,0.85,0.81351,5.0888,4.1398,121.047,151.67763494145714,75.83881747072857,0.4039,High,linear_midpoint
2025-02-17,Fruit set,0.85,0.81622,5.1325,4.1892,125.236,151.67763494145714,75.83881747072857,0.3487,High,linear_midpoint
2025-02-18,Fruit set,0.85,0.81892,5.2113,4.2676,129.503,151.67763494145714,75.83881747072857,0.2924,High,linear_midpoint
2025-02-19,Fruit set,0.85,0.82162,5.3958,4.4333,133.937,151.67763494145714,75.83881747072857,0.2339,High,linear_midpoint
2025-02-20,Fruit set,0.85,0.82432,5.3061,4.374,138.311,151.67763494145714,75.83881747072857,0.1763,High,linear_midpoint
2025-02-21,Fruit set,0.85,0.82703,5.0288,4.1589,142.47,151.67763494145714,75.83881747072857,0.1214,High,linear_midpoint
2025-02-22,Fruit set,0.85,0.82973,5.2748,4.3766,146.846,151.67763494145714,75.83881747072857,0.0637,High,linear_midpoint
2025-02-23,Fruit set,0.85,0.83243,5.824,4.8481,151.678,151.67763494145714,75.83881747072857,0.0,High,linear_midpoint
2025-02-24,Fruit set,0.85,0.83514,5.7092,4.768,151.678,151.67763494145714,75.83881747072857,0.0,High,linear_midpoint
2025-02-25,Fruit set,0.85,0.83784,5.2442,4.3938,151.678,151.67763494145714,75.83881747072857,0.0,High,linear_midpoint
2025-02-26,Fruit set,0.85,0.84054,5.3029,4.4573,151.678,151.67763494145714,75.83881747072857,0.0,High,linear_midpoint
2025-02-27,Fruit set,0.85,0.84324,5.0809,4.2845,151.678,151.67763494145714,75.83881747072857,0.0,High,linear_midpoint
2025-02-28,Fruit set,0.85,0.84595,5.3185,4.4991,151.678,151.67763494145714,75.83881747072857,0.0,High,linear_midpoint
2025-03-01,Fruit set,0.85,0.84865,5.3263,4.5202,151.678,151.67763494145714,75.83881747072857,0.0,High,linear_midpoint
2025-03-02,Fruit set,0.85,0.85056,5.7853,4.9208,151.678,151.67763494145714,75.83881747072857,0.0,High,stage_anchor
2025-03-03,Fruit set,0.85,0.85169,6.1216,5.2136,151.678,151.67763494145714,75.83881747072857,0.0,High,linear_midpoint
2025-03-04,Fruit set,0.85,0.85281,6.1515,5.246,151.678,151.67763494145714,75.83881747072857,0.0,High,linear_midpoint
2025-03-05,Fruit set,0.85,0.85393,6.1322,5.2365,151.678,151.67763494145714,75.83881747072857,0.0,High,linear_midpoint
2025-03-06,Fruit set,0.85,0.85506,6.7738,5.792,151.678,151.67763494145714,75.83881747072857,0.0,High,linear_midpoint
2025-03-07,Fruit set,0.85,0.85618,6.788,5.8117,151.678,151.67763494145714,75.83881747072857,0.0,High,linear_midpoint
2025-03-08,Fruit set,0.85,0.8573,6.5846,5.645,151.678,151.67763494145714,75.83881747072857,0.0,High,linear_midpoint
2025-03-09,Fruit set,0.85,0.85843,6.3881,5.4838,151.678,151.67763494145714,75.83881747072857,0.0,High,linear_midpoint
2025-03-10,Fruit set,0.85,0.85955,6.0162,5.1712,151.678,151.67763494145714,75.83881747072857,0.0,High,linear_midpoint
2025-03-11,Fruit set,0.85,0.86067,5.4184,4.6635,151.678,151.67763494145714,75.83881747072857,0.0,High,linear_midpoint
2025-03-12,Fruit set,0.85,0.8618,5.7571,4.9614,151.678,151.67763494145714,75.83881747072857,0.0,High,linear_midpoint
2025-03-13,Fruit set,0.85,0.86292,6.6721,5.7575,151.678,151.67763494145714,75.83881747072857,0.0,High,linear_midpoint
2025-03-14,Fruit set,0.85,0.86404,7.0167,6.0627,151.678,151.67763494145714,75.83881747072857,0.0,High,linear_midpoint
2025-03-15,Fruit set,0.85,0.86517,7.0182,6.072,151.678,151.67763494145714,75.83881747072857,0.0,High,linear_midpoint
2025-03-16,Fruit development,0.9,0.86629,6.9623,6.0314,151.678,151.67763494145714,75.83881747072857,0.0,High,linear_midpoint
2025-03-17,Fruit development,0.9,0.86742,6.7103,5.8206,151.678,151.67763494145714,75.83881747072857,0.0,High,linear_midpoint
2025-03-18,Fruit development,0.9,0.86854,6.9438,6.031,151.678,151.67763494145714,75.83881747072857,0.0,High,linear_midpoint
2025-03-19,Fruit development,0.9,0.86966,7.4319,6.4632,151.678,151.67763494145714,75.83881747072857,0.0,High,linear_midpoint
2025-03-20,Fruit development,0.9,0.87079,7.7176,6.7204,151.678,151.67763494145714,75.83881747072857,0.0,High,linear_midpoint
2025-03-21,Fruit development,0.9,0.87191,7.0399,6.1381,151.678,151.67763494145714,75.83881747072857,0.0,High,linear_midpoint
2025-03-22,Fruit development,0.9,0.87303,5.5212,4.8202,151.678,151.67763494145714,75.83881747072857,0.0,High,linear_midpoint
2025-03-23,Fruit development,0.9,0.87416,5.4231,4.7407,151.678,151.67763494145714,75.83881747072857,0.0,High,linear_midpoint
2025-03-24,Fruit development,0.9,0.87528,6.7779,5.9326,151.678,151.67763494145714,75.83881747072857,0.0,High,linear_midpoint
2025-03-25,Fruit development,0.9,0.8764,6.8081,5.9666,151.678,151.67763494145714,75.83881747072857,0.0,High,linear_midpoint
2025-03-26,Fruit development,0.9,0.87753,7.3499,6.4497,151.678,151.67763494145714,75.83881747072857,0.0,High,linear_midpoint
2025-03-27,Fruit development,0.9,0.87865,6.8663,6.0331,151.678,151.67763494145714,75.83881747072857,0.0,High,linear_midpoint
2025-03-28,Fruit development,0.9,0.87978,7.5095,6.6067,151.678,151.67763494145714,75.83881747072857,0.0,High,linear_midpoint
2025-03-29,Fruit development,0.9,0.8809,8.0079,7.0541,151.678,151.67763494145714,75.83881747072857,0.0,High,linear_midpoint
2025-03-30,Fruit development,0.9,0.88202,7.934,6.9979,151.678,151.67763494145714,75.83881747072857,0.0,High,linear_midpoint
2025-03-31,Fruit development,0.9,0.88315,7.3373,6.4799,151.678,151.67763494145714,75.83881747072857,0.0,High,linear_midpoint
2025-04-01,Fruit development,0.9,0.88427,6.6823,5.909,151.678,151.67763494145714,75.83881747072857,0.0,High,linear_midpoint
2025-04-02,Fruit development,0.9,0.88539,6.2585,5.5413,151.678,151.67763494145714,75.83881747072857,0.0,High,linear_midpoint
2025-04-03,Fruit development,0.9,0.88652,5.3072,4.7049,149.433,151.67763494145714,75.83881747072857,0.0296,High,linear_midpoint
2025-04-04,Fruit development,0.9,0.88764,6.1757,5.4818,151.678,151.67763494145714,75.83881747072857,0.0,High,linear_midpoint
2025-04-05,Fruit development,0.9,0.88876,6.2634,5.5667,151.678,151.67763494145714,75.83881747072857,0.0,High,linear_midpoint
2025-04-06,Fruit development,0.9,0.88989,6.61,5.8821,151.678,151.67763494145714,75.83881747072857,0.0,High,linear_midpoint
2025-04-07,Fruit development,0.9,0.89101,7.4164,6.6081,151.678,151.67763494145714,75.83881747072857,0.0,High,linear_midpoint
2025-04-08,Fruit development,0.9,0.89213,7.0149,6.2582,151.678,151.67763494145714,75.83881747072857,0.0,High,linear_midpoint
2025-04-09,Fruit development,0.9,0.89326,6.9883,6.2424,151.678,151.67763494145714,75.83881747072857,0.0,High,linear_midpoint
2025-04-10,Fruit development,0.9,0.89438,6.1399,5.4914,151.678,151.67763494145714,75.83881747072857,0.0,High,linear_midpoint
2025-04-11,Fruit development,0.9,0.89551,7.3286,6.5628,151.678,151.67763494145714,75.83881747072857,0.0,High,linear_midpoint
2025-04-12,Fruit development,0.9,0.89663,6.6659,5.9768,151.514,151.67763494145714,75.83881747072857,0.0022,High,linear_midpoint
2025-04-13,Fruit development,0.9,0.89775,5.652,5.0741,151.678,151.67763494145714,75.83881747072857,0.0,High,linear_midpoint
2025-04-14,Fruit development,0.9,0.89888,6.1105,5.4926,151.678,151.67763494145714,75.83881747072857,0.0,High,linear_midpoint
2025-04-15,Fruit development,0.9,0.9,6.4804,5.8323,151.678,151.67763494145714,75.83881747072857,0.0,High,stage_anchor
2025-04-16,Fruit development,0.9,0.89783,5.7193,5.135,151.678,151.67763494145714,75.83881747072857,0.0,High,linear_midpoint
2025-04-17,Fruit development,0.9,0.89565,6.1214,5.4827,151.678,151.67763494145714,75.83881747072857,0.0,High,linear_midpoint
2025-04-18,Fruit development,0.9,0.89348,5.534,4.9445,151.678,151.67763494145714,75.83881747072857,0.0,High,linear_midpoint
2025-04-19,Fruit development,0.9,0.8913,6.8597,6.1141,151.678,151.67763494145714,75.83881747072857,0.0,High,linear_midpoint
2025-04-20,Fruit development,0.9,0.88913,6.708,5.9643,151.678,151.67763494145714,75.83881747072857,0.0,High,linear_midpoint
2025-04-21,Fruit development,0.9,0.88696,6.6351,5.885,151.678,151.67763494145714,75.83881747072857,0.0,High,linear_midpoint
2025-04-22,Fruit development,0.9,0.88478,7.9511,7.035,151.678,151.67763494145714,75.83881747072857,0.0,High,linear_midpoint
2025-04-23,Fruit development,0.9,0.88261,8.2447,7.2769,151.678,151.67763494145714,75.83881747072857,0.0,High,linear_midpoint
2025-04-24,Fruit development,0.9,0.88043,8.16,7.1843,151.678,151.67763494145714,75.83881747072857,0.0,High,linear_midpoint
2025-04-25,Fruit development,0.9,0.87826,7.9539,6.9856,151.678,151.67763494145714,75.83881747072857,0.0,High,linear_midpoint
2025-04-26,Fruit development,0.9,0.87609,7.3127,6.4066,151.678,151.67763494145714,75.83881747072857,0.0,High,linear_midpoint
2025-04-27,Fruit development,0.9,0.87391,7.4834,6.5398,151.678,151.67763494145714,75.83881747072857,0.0,High,linear_midpoint
2025-04-28,Fruit development,0.9,0.87174,7.5551,6.586,151.678,151.67763494145714,75.83881747072857,0.0,High,linear_midpoint
2025-04-29,Fruit development,0.9,0.86957,7.5799,6.5912,151.678,151.67763494145714,75.83881747072857,0.0,High,linear_midpoint
2025-04-30,Fruit development,0.9,0.86739,7.2629,6.2998,151.678,151.67763494145714,75.83881747072857,0.0,High,linear_midpoint
2025-05-01,Fruit development,0.9,0.86522,6.4726,5.6002,151.678,151.67763494145714,75.83881747072857,0.0,High,linear_midpoint
2025-05-02,Fruit development,0.9,0.86304,6.7838,5.8548,151.678,151.67763494145714,75.83881747072857,0.0,High,linear_midpoint
2025-05-03,Fruit development,0.9,0.86087,6.2567,5.3862,151.678,151.67763494145714,75.83881747072857,0.0,High,linear_midpoint
2025-05-04,Fruit development,0.9,0.8587,6.986,5.9988,151.678,151.67763494145714,75.83881747072857,0.0,High,linear_midpoint
2025-05-05,Fruit development,0.9,0.85652,7.0515,6.0398,151.678,151.67763494145714,75.83881747072857,0.0,High,linear_midpoint
2025-05-06,Fruit development,0.9,0.85435,6.8177,5.8247,151.678,151.67763494145714,75.83881747072857,0.0,High,linear_midpoint
2025-05-07,Fruit development,0.9,0.85217,6.0507,5.1563,151.678,151.67763494145714,75.83881747072857,0.0,High,linear_midpoint
2025-05-08,Fruit development,0.9,0.85,5.1966,4.4171,151.355,151.67763494145714,75.83881747072857,0.0043,High,linear_midpoint
2025-05-09,Fruit development,0.9,0.84783,6.2908,5.3335,151.678,151.67763494145714,75.83881747072857,0.0,High,linear_midpoint
2025-05-10,Fruit development,0.9,0.84565,5.4723,4.6277,151.678,151.67763494145714,75.83881747072857,0.0,High,linear_midpoint
2025-05-11,Fruit development,0.9,0.84348,6.148,5.1857,151.678,151.67763494145714,75.83881747072857,0.0,High,linear_midpoint
2025-05-12,Fruit development,0.9,0.8413,6.7077,5.6432,151.678,151.67763494145714,75.83881747072857,0.0,High,linear_midpoint
2025-05-13,Fruit development,0.9,0.83913,5.9863,5.0233,151.461,151.67763494145714,75.83881747072857,0.0029,High,linear_midpoint
2025-05-14,Fruit development,0.9,0.83696,5.6215,4.705,151.678,151.67763494145714,75.83881747072857,0.0,High,linear_midpoint
2025-05-15,Fruit development,0.9,0.83478,5.2619,4.3926,142.46,151.67763494145714,75.83881747072857,0.1215,High,linear_midpoint
2025-05-16,Maturity / harvest,0.8,0.83261,4.4283,3.6871,135.897,151.67763494145714,75.83881747072857,0.2081,High,linear_midpoint
2025-05-17,Maturity / harvest,0.8,0.83043,4.6311,3.8459,128.233,151.67763494145714,75.83881747072857,0.3091,High,linear_midpoint
2025-05-18,Maturity / harvest,0.8,0.82826,3.8718,3.2068,108.42,151.67763494145714,75.83881747072857,0.5704,High,linear_midpoint
2025-05-19,Maturity / harvest,0.8,0.82609,3.3645,2.7794,106.609,151.67763494145714,75.83881747072857,0.5943,High,linear_midpoint
2025-05-20,Maturity / harvest,0.8,0.82391,3.6406,2.9996,82.129,151.67763494145714,75.83881747072857,0.9171,Low,linear_midpoint
2025-05-21,Maturity / harvest,0.8,0.82174,3.9338,3.2326,82.291,151.67763494145714,75.83881747072857,0.9149,Low,linear_midpoint
2025-05-22,Maturity / harvest,0.8,0.81957,5.0098,4.1058,86.397,151.67763494145714,75.83881747072857,0.8608,Medium,linear_midpoint
2025-05-23,Maturity / harvest,0.8,0.81739,5.7257,4.6801,90.737,151.67763494145714,75.83881747072857,0.8035,Medium,linear_midpoint
2025-05-24,Maturity / harvest,0.8,0.81522,4.5727,3.7277,94.405,151.67763494145714,75.83881747072857,0.7552,Medium,linear_midpoint
2025-05-25,Maturity / harvest,0.8,0.81304,4.8364,3.9322,96.777,151.67763494145714,75.83881747072857,0.7239,Medium,linear_midpoint
2025-05-26,Maturity / harvest,0.8,0.81087,4.0764,3.3054,98.593,151.67763494145714,75.83881747072857,0.7,Medium,linear_midpoint
2025-05-27,Maturity / harvest,0.8,0.8087,5.4803,4.4319,102.835,151.67763494145714,75.83881747072857,0.644,Medium,linear_midpoint
2025-05-28,Maturity / harvest,0.8,0.80652,4.7872,3.861,106.236,151.67763494145714,75.83881747072857,0.5992,High,linear_midpoint
2025-05-29,Maturity / harvest,0.8,0.80435,4.7813,3.8458,109.881,151.67763494145714,75.83881747072857,0.5511,High,linear_midpoint
2025-05-30,Maturity / harvest,0.8,0.80217,3.838,3.0788,101.68,151.67763494145714,75.83881747072857,0.6593,Medium,linear_midpoint
2025-05-31,Maturity / harvest,0.8,0.8,6.6244,5.2995,106.95,151.67763494145714,75.83881747072857,0.5898,High,stage_anchor
2025-06-01,Maturity / harvest,0.8,0.7971,7.2402,5.7712,112.721,151.67763494145714,75.83881747072857,0.5137,High,linear_midpoint
2025-06-02,Maturity / harvest,0.8,0.7942,7.0199,5.5753,118.036,151.67763494145714,75.83881747072857,0.4436,High,linear_midpoint
2025-06-03,Maturity / harvest,0.8,0.7913,5.9065,4.6739,122.42,151.67763494145714,75.83881747072857,0.3858,High,linear_midpoint
2025-06-04,Maturity / harvest,0.8,0.78841,6.2475,4.9255,127.246,151.67763494145714,75.83881747072857,0.3222,High,linear_midpoint
2025-06-05,Maturity / harvest,0.8,0.78551,6.6411,5.2166,132.412,151.67763494145714,75.83881747072857,0.254,High,linear_midpoint
2025-06-06,Maturity / harvest,0.8,0.78261,5.8113,4.5479,136.34,151.67763494145714,75.83881747072857,0.2022,High,linear_midpoint
2025-06-07,Maturity / harvest,0.8,0.77971,5.6726,4.423,140.083,151.67763494145714,75.83881747072857,0.1529,High,linear_midpoint
2025-06-08,Maturity / harvest,0.8,0.77681,5.3395,4.1478,142.501,151.67763494145714,75.83881747072857,0.121,High,linear_midpoint
2025-06-09,Maturity / harvest,0.8,0.77391,5.2462,4.0601,144.521,151.67763494145714,75.83881747072857,0.0944,High,linear_midpoint
2025-06-10,Maturity / harvest,0.8,0.77101,5.0131,3.8652,141.876,151.67763494145714,75.83881747072857,0.1292,High,linear_midpoint
2025-06-11,Maturity / harvest,0.8,0.76812,3.9142,3.0065,142.683,151.67763494145714,75.83881747072857,0.1186,High,linear_midpoint
2025-06-12,Maturity / harvest,0.8,0.76522,4.6749,3.5773,140.21,151.67763494145714,75.83881747072857,0.1512,High,linear_midpoint
2025-06-13,Maturity / harvest,0.8,0.76232,4.1072,3.131,140.611,151.67763494145714,75.83881747072857,0.1459,High,linear_midpoint
2025-06-14,Maturity / harvest,0.8,0.75942,4.1437,3.1468,142.568,151.67763494145714,75.83881747072857,0.1201,High,linear_midpoint
2025-06-15,Maturity / harvest,0.8,0.75652,4.4289,3.3505,144.958,151.67763494145714,75.83881747072857,0.0886,High,linear_midpoint
2025-06-16,Rest / vegetative phase,0.6,0.75362,5.2988,3.9933,148.952,151.67763494145714,75.83881747072857,0.0359,High,linear_midpoint
2025-06-17,Rest / vegetative phase,0.6,0.75072,5.9043,4.4325,151.678,151.67763494145714,75.83881747072857,0.0,High,linear_midpoint
2025-06-18,Rest / vegetative phase,0.6,0.74783,5.8841,4.4003,151.678,151.67763494145714,75.83881747072857,0.0,High,linear_midpoint
2025-06-19,Rest / vegetative phase,0.6,0.74493,5.5693,4.1487,151.678,151.67763494145714,75.83881747072857,0.0,High,linear_midpoint
2025-06-20,Rest / vegetative phase,0.6,0.74203,6.1795,4.5854,151.678,151.67763494145714,75.83881747072857,0.0,High,linear_midpoint
2025-06-21,Rest / vegetative phase,0.6,0.73913,6.1055,4.5128,151.678,151.67763494145714,75.83881747072857,0.0,High,linear_midpoint
2025-06-22,Rest / vegetative phase,0.6,0.73623,5.2948,3.8982,151.678,151.67763494145714,75.83881747072857,0.0,High,linear_midpoint
2025-06-23,Rest / vegetative phase,0.6,0.73333,6.3293,4.6415,151.678,151.67763494145714,75.83881747072857,0.0,High,linear_midpoint
2025-06-24,Rest / vegetative phase,0.6,0.73043,6.4946,4.7439,151.678,151.67763494145714,75.83881747072857,0.0,High,linear_midpoint
2025-06-25,Rest / vegetative phase,0.6,0.72754,4.7794,3.4772,151.678,151.67763494145714,75.83881747072857,0.0,High,linear_midpoint
2025-06-26,Rest / vegetative phase,0.6,0.72464,4.8957,3.5476,151.678,151.67763494145714,75.83881747072857,0.0,High,linear_midpoint
2025-06-27,Rest / vegetative phase,0.6,0.72174,6.0392,4.3587,151.678,151.67763494145714,75.83881747072857,0.0,High,linear_midpoint
2025-06-28,Rest / vegetative phase,0.6,0.71884,5.5959,4.0226,151.678,151.67763494145714,75.83881747072857,0.0,High,linear_midpoint
2025-06-29,Rest / vegetative phase,0.6,0.71594,6.6056,4.7293,151.678,151.67763494145714,75.83881747072857,0.0,High,linear_midpoint
2025-06-30,Rest / vegetative phase,0.6,0.71304,5.9313,4.2292,151.678,151.67763494145714,75.83881747072857,0.0,High,linear_midpoint
2025-07-01,Rest / vegetative phase,0.6,0.71014,4.8097,3.4156,151.678,151.67763494145714,75.83881747072857,0.0,High,linear_midpoint
2025-07-02,Rest / vegetative phase,0.6,0.70725,5.5197,3.9038,151.678,151.67763494145714,75.83881747072857,0.0,High,linear_midpoint
2025-07-03,Rest / vegetative phase,0.6,0.70435,6.2978,4.4358,151.678,151.67763494145714,75.83881747072857,0.0,High,linear_midpoint
2025-07-04,Rest / vegetative phase,0.6,0.70145,6.8448,4.8012,151.678,151.67763494145714,75.83881747072857,0.0,High,linear_midpoint
2025-07-05,Rest / vegetative phase,0.6,0.69855,7.0657,4.9357,151.678,151.67763494145714,75.83881747072857,0.0,High,linear_midpoint
2025-07-06,Rest / vegetative phase,0.6,0.69565,6.4216,4.4672,151.678,151.67763494145714,75.83881747072857,0.0,High,linear_midpoint
2025-07-07,Rest / vegetative phase,0.6,0.69275,5.9582,4.1276,151.678,151.67763494145714,75.83881747072857,0.0,High,linear_midpoint
2025-07-08,Rest / vegetative phase,0.6,0.68986,6.8689,4.7385,151.678,151.67763494145714,75.83881747072857,0.0,High,linear_midpoint
2025-07-09,Rest / vegetative phase,0.6,0.68696,6.5722,4.5148,151.678,151.67763494145714,75.83881747072857,0.0,High,linear_midpoint
2025-07-10,Rest / vegetative phase,0.6,0.68406,6.267,4.287,151.678,151.67763494145714,75.83881747072857,0.0,High,linear_midpoint
2025-07-11,Rest / vegetative phase,0.6,0.68116,6.6218,4.5105,151.678,151.67763494145714,75.83881747072857,0.0,High,linear_midpoint
2025-07-12,Rest / vegetative phase,0.6,0.67826,6.0818,4.1251,151.678,151.67763494145714,75.83881747072857,0.0,High,linear_midpoint
2025-07-13,Rest / vegetative phase,0.6,0.67536,6.0759,4.1034,151.678,151.67763494145714,75.83881747072857,0.0,High,linear_midpoint
2025-07-14,Rest / vegetative phase,0.6,0.67246,5.3945,3.6276,151.678,151.67763494145714,75.83881747072857,0.0,High,linear_midpoint
2025-07-15,Rest / vegetative phase,0.6,0.66957,5.8568,3.9215,151.678,151.67763494145714,75.83881747072857,0.0,High,linear_midpoint
2025-07-16,Rest / vegetative phase,0.6,0.66667,5.2766,3.5178,144.965,151.67763494145714,75.83881747072857,0.0885,High,linear_midpoint
2025-07-17,Rest / vegetative phase,0.6,0.66377,4.4738,2.9695,127.455,151.67763494145714,75.83881747072857,0.3194,High,linear_midpoint
2025-07-18,Rest / vegetative phase,0.6,0.66087,3.9948,2.64,126.065,151.67763494145714,75.83881747072857,0.3377,High,linear_midpoint
2025-07-19,Rest / vegetative phase,0.6,0.65797,4.1825,2.752,122.097,151.67763494145714,75.83881747072857,0.39,High,linear_midpoint
2025-07-20,Rest / vegetative phase,0.6,0.65507,4.9734,3.258,117.295,151.67763494145714,75.83881747072857,0.4534,High,linear_midpoint
2025-07-21,Rest / vegetative phase,0.6,0.65217,3.8308,2.4983,106.423,151.67763494145714,75.83881747072857,0.5967,High,linear_midpoint
2025-07-22,Rest / vegetative phase,0.6,0.64928,5.2736,3.424,109.047,151.67763494145714,75.83881747072857,0.5621,High,linear_midpoint
2025-07-23,Rest / vegetative phase,0.6,0.64638,4.7107,3.0449,110.752,151.67763494145714,75.83881747072857,0.5396,High,linear_midpoint
2025-07-24,Rest / vegetative phase,0.6,0.64348,4.7611,3.0637,112.626,151.67763494145714,75.83881747072857,0.5149,High,linear_midpoint
2025-07-25,Rest / vegetative phase,0.6,0.64058,4.759,3.0485,114.784,151.67763494145714,75.83881747072857,0.4865,High,linear_midpoint
2025-07-26,Rest / vegetative phase,0.6,0.63768,5.1299,3.2712,117.755,151.67763494145714,75.83881747072857,0.4473,High,linear_midpoint
2025-07-27,Rest / vegetative phase,0.6,0.63478,5.7082,3.6235,121.369,151.67763494145714,75.83881747072857,0.3996,High,linear_midpoint
2025-07-28,Rest / vegetative phase,0.6,0.63188,5.5974,3.5369,124.886,151.67763494145714,75.83881747072857,0.3533,High,linear_midpoint
2025-07-29,Rest / vegetative phase,0.6,0.62899,5.9296,3.7296,128.565,151.67763494145714,75.83881747072857,0.3048,High,linear_midpoint
2025-07-30,Rest / vegetative phase,0.6,0.62609,6.2833,3.9339,132.489,151.67763494145714,75.83881747072857,0.253,High,linear_midpoint
2025-07-31,Rest / vegetative phase,0.6,0.62319,5.1915,3.2353,135.705,151.67763494145714,75.83881747072857,0.2106,High,linear_midpoint
2025-08-01,Rest / vegetative phase,0.6,0.62029,5.5688,3.4543,139.129,151.67763494145714,75.83881747072857,0.1655,High,linear_midpoint
2025-08-02,Rest / vegetative phase,0.6,0.61739,5.0717,3.1312,141.7,151.67763494145714,75.83881747072857,0.1316,High,linear_midpoint
2025-08-03,Rest / vegetative phase,0.6,0.61449,3.8208,2.3479,134.208,151.67763494145714,75.83881747072857,0.2304,High,linear_midpoint
2025-08-04,Rest / vegetative phase,0.6,0.61159,3.8795,2.3727,128.941,151.67763494145714,75.83881747072857,0.2998,High,linear_midpoint
2025-08-05,Rest / vegetative phase,0.6,0.6087,4.253,2.5888,125.3,151.67763494145714,75.83881747072857,0.3478,High,linear_midpoint
2025-08-06,Rest / vegetative phase,0.6,0.6058,4.1781,2.5311,118.221,151.67763494145714,75.83881747072857,0.4412,High,linear_midpoint
2025-08-07,Rest / vegetative phase,0.6,0.6029,4.3112,2.5992,117.59,151.67763494145714,75.83881747072857,0.4495,High,linear_midpoint
2025-08-08,Rest / vegetative phase,0.6,0.6,3.4665,2.0799,87.81,151.67763494145714,75.83881747072857,0.8422,Medium,stage_anchor
2025-08-09,Rest / vegetative phase,0.6,0.6005,3.5366,2.1237,86.333,151.67763494145714,75.83881747072857,0.8616,Medium,linear_midpoint
2025-08-10,Rest / vegetative phase,0.6,0.60101,2.9884,1.796,63.189,151.67763494145714,75.83881747072857,1.0,Low,linear_midpoint
2025-08-11,Rest / vegetative phase,0.6,0.60151,3.2226,1.9384,61.658,151.67763494145714,75.83881747072857,1.0,Low,linear_midpoint
2025-08-12,Rest / vegetative phase,0.6,0.60201,3.3475,2.0152,60.503,151.67763494145714,75.83881747072857,1.0,Low,linear_midpoint
2025-08-13,Rest / vegetative phase,0.6,0.60251,2.9143,1.7559,59.959,151.67763494145714,75.83881747072857,1.0,Low,linear_midpoint
2025-08-14,Rest / vegetative phase,0.6,0.60302,4.0492,2.4417,59.131,151.67763494145714,75.83881747072857,1.0,Low,linear_midpoint
2025-08-15,Rest / vegetative phase,0.6,0.60352,4.4286,2.6727,58.294,151.67763494145714,75.83881747072857,1.0,Low,linear_midpoint
2025-08-16,Rest / vegetative phase,0.6,0.60402,3.9504,2.3862,54.74,151.67763494145714,75.83881747072857,1.0,Low,linear_midpoint
2025-08-17,Rest / vegetative phase,0.6,0.60452,3.1018,1.8751,48.945,151.67763494145714,75.83881747072857,1.0,Low,linear_midpoint
2025-08-18,Rest / vegetative phase,0.6,0.60503,3.6059,2.1817,49.786,151.67763494145714,75.83881747072857,1.0,Low,linear_midpoint
2025-08-19,Rest / vegetative phase,0.6,0.60553,4.4418,2.6896,52.226,151.67763494145714,75.83881747072857,1.0,Low,linear_midpoint
2025-08-20,Rest / vegetative phase,0.6,0.60603,4.4837,2.7173,54.543,151.67763494145714,75.83881747072857,1.0,Low,linear_midpoint
2025-08-21,Rest / vegetative phase,0.6,0.60653,4.369,2.6499,56.503,151.67763494145714,75.83881747072857,1.0,Low,linear_midpoint
2025-08-22,Rest / vegetative phase,0.6,0.60704,4.3102,2.6164,55.55,151.67763494145714,75.83881747072857,1.0,Low,linear_midpoint
2025-08-23,Rest / vegetative phase,0.6,0.60754,3.7742,2.2929,48.953,151.67763494145714,75.83881747072857,1.0,Low,linear_midpoint
2025-08-24,Rest / vegetative phase,0.6,0.60804,5.4011,3.2841,52.207,151.67763494145714,75.83881747072857,1.0,Low,linear_midpoint
2025-08-25,Rest / vegetative phase,0.6,0.60854,4.5144,2.7472,54.954,151.67763494145714,75.83881747072857,1.0,Low,linear_midpoint
2025-08-26,Rest / vegetative phase,0.6,0.60905,4.8321,2.9429,57.787,151.67763494145714,75.83881747072857,1.0,Low,linear_midpoint
2025-08-27,Rest / vegetative phase,0.6,0.60955,3.8969,2.3754,57.862,151.67763494145714,75.83881747072857,1.0,Low,linear_midpoint
2025-08-28,Rest / vegetative phase,0.6,0.61005,4.561,2.7824,56.665,151.67763494145714,75.83881747072857,1.0,Low,linear_midpoint
2025-08-29,Rest / vegetative phase,0.6,0.61055,4.5297,2.7656,58.81,151.67763494145714,75.83881747072857,1.0,Low,linear_midpoint
2025-08-30,Rest / vegetative phase,0.6,0.61106,4.5552,2.7835,58.074,151.67763494145714,75.83881747072857,1.0,Low,linear_midpoint
2025-08-31,Rest / vegetative phase,0.6,0.61156,4.5732,2.7967,57.861,151.67763494145714,75.83881747072857,1.0,Low,linear_midpoint
2025-09-01,Rest / vegetative phase,0.6,0.61206,4.0131,2.4562,57.297,151.67763494145714,75.83881747072857,1.0,Low,linear_midpoint
2025-09-02,Rest / vegetative phase,0.6,0.61256,4.0144,2.4591,51.656,151.67763494145714,75.83881747072857,1.0,Low,linear_midpoint
2025-09-03,Rest / vegetative phase,0.6,0.61307,4.191,2.5694,50.925,151.67763494145714,75.83881747072857,1.0,Low,linear_midpoint
2025-09-04,Rest / vegetative phase,0.6,0.61357,4.8469,2.9739,53.669,151.67763494145714,75.83881747072857,1.0,Low,linear_midpoint
2025-09-05,Rest / vegetative phase,0.6,0.61407,4.6986,2.8853,56.474,151.67763494145714,75.83881747072857,1.0,Low,linear_midpoint
2025-09-06,Rest / vegetative phase,0.6,0.61457,4.8752,2.9961,57.251,151.67763494145714,75.83881747072857,1.0,Low,linear_midpoint
2025-09-07,Rest / vegetative phase,0.6,0.61508,4.7397,2.9152,57.696,151.67763494145714,75.83881747072857,1.0,Low,linear_midpoint
2025-09-08,Rest / vegetative phase,0.6,0.61558,4.9823,3.067,60.223,151.67763494145714,75.83881747072857,1.0,Low,linear_midpoint
2025-09-09,Rest / vegetative phase,0.6,0.61608,4.3808,2.6989,62.822,151.67763494145714,75.83881747072857,1.0,Low,linear_midpoint
2025-09-10,Rest / vegetative phase,0.6,0.61658,4.0054,2.4697,52.911,151.67763494145714,75.83881747072857,1.0,Low,linear_midpoint
2025-09-11,Rest / vegetative phase,0.6,0.61709,3.2618,2.0128,48.354,151.67763494145714,75.83881747072857,1.0,Low,linear_midpoint
2025-09-12,Rest / vegetative phase,0.6,0.61759,3.5439,2.1887,50.043,151.67763494145714,75.83881747072857,1.0,Low,linear_midpoint
2025-09-13,Rest / vegetative phase,0.6,0.61809,2.8736,1.7761,49.359,151.67763494145714,75.83881747072857,1.0,Low,linear_midpoint
2025-09-14,Rest / vegetative phase,0.6,0.61859,3.9544,2.4462,51.375,151.67763494145714,75.83881747072857,1.0,Low,linear_midpoint
2025-09-15,Rest / vegetative phase,0.6,0.6191,4.2307,2.6192,45.974,151.67763494145714,75.83881747072857,1.0,Low,linear_midpoint
2025-09-16,Rest / vegetative phase,0.6,0.6196,3.5462,2.1972,24.752,151.67763494145714,75.83881747072857,1.0,Low,linear_midpoint
2025-09-17,Rest / vegetative phase,0.6,0.6201,2.977,1.846,7.728,151.67763494145714,75.83881747072857,1.0,Low,linear_midpoint
2025-09-18,Rest / vegetative phase,0.6,0.6206,3.3685,2.0905,0.0,151.67763494145714,75.83881747072857,1.0,Low,linear_midpoint
2025-09-19,Rest / vegetative phase,0.6,0.62111,3.649,2.2664,0.0,151.67763494145714,75.83881747072857,1.0,Low,linear_midpoint
2025-09-20,Rest / vegetative phase,0.6,0.62161,3.278,2.0377,0.938,151.67763494145714,75.83881747072857,1.0,Low,linear_midpoint
2025-09-21,Rest / vegetative phase,0.6,0.62211,3.4096,2.1211,0.0,151.67763494145714,75.83881747072857,1.0,Low,linear_midpoint
2025-09-22,Rest / vegetative phase,0.6,0.62261,3.505,2.1822,0.0,151.67763494145714,75.83881747072857,1.0,Low,linear_midpoint
2025-09-23,Rest / vegetative phase,0.6,0.62312,3.3082,2.0614,1.731,151.67763494145714,75.83881747072857,1.0,Low,linear_midpoint
2025-09-24,Rest / vegetative phase,0.6,0.62362,3.4216,2.1338,3.405,151.67763494145714,75.83881747072857,1.0,Low,linear_midpoint
2025-09-25,Rest / vegetative phase,0.6,0.62412,4.0352,2.5185,3.794,151.67763494145714,75.83881747072857,1.0,Low,linear_midpoint
2025-09-26,Rest / vegetative phase,0.6,0.62462,3.7598,2.3485,5.402,151.67763494145714,75.83881747072857,1.0,Low,linear_midpoint
2025-09-27,Rest / vegetative phase,0.6,0.62513,3.9372,2.4613,7.303,151.67763494145714,75.83881747072857,1.0,Low,linear_midpoint
2025-09-28,Rest / vegetative phase,0.6,0.62563,4.1851,2.6183,9.472,151.67763494145714,75.83881747072857,1.0,Low,linear_midpoint
2025-09-29,Rest / vegetative phase,0.6,0.62613,4.3359,2.7148,12.026,151.67763494145714,75.83881747072857,1.0,Low,linear_midpoint
2025-09-30,Rest / vegetative phase,0.6,0.62663,3.7557,2.3535,14.36,151.67763494145714,75.83881747072857,1.0,Low,linear_midpoint
2025-10-01,Flower induction / pre-flowering,0.65,0.62714,4.0587,2.5453,16.865,151.67763494145714,75.83881747072857,1.0,Low,linear_midpoint
2025-10-02,Flower induction / pre-flowering,0.65,0.62764,4.2289,2.6542,18.319,151.67763494145714,75.83881747072857,1.0,Low,linear_midpoint
2025-10-03,Flower induction / pre-flowering,0.65,0.62814,4.3573,2.737,7.066,151.67763494145714,75.83881747072857,1.0,Low,linear_midpoint
2025-10-04,Flower induction / pre-flowering,0.65,0.62864,2.7627,1.7367,7.913,151.67763494145714,75.83881747072857,1.0,Low,linear_midpoint
2025-10-05,Flower induction / pre-flowering,0.65,0.62915,4.3853,2.759,0.0,151.67763494145714,75.83881747072857,1.0,Low,linear_midpoint
2025-10-06,Flower induction / pre-flowering,0.65,0.62965,3.7974,2.391,1.151,151.67763494145714,75.83881747072857,1.0,Low,linear_midpoint
2025-10-07,Flower induction / pre-flowering,0.65,0.63015,4.082,2.5723,3.613,151.67763494145714,75.83881747072857,1.0,Low,linear_midpoint
2025-10-08,Flower induction / pre-flowering,0.65,0.63065,2.879,1.8156,0.0,151.67763494145714,75.83881747072857,1.0,Low,linear_midpoint
2025-10-09,Flower induction / pre-flowering,0.65,0.63116,3.5659,2.2506,0.0,151.67763494145714,75.83881747072857,1.0,Low,linear_midpoint
2025-10-10,Flower induction / pre-flowering,0.65,0.63166,3.5244,2.2262,0.0,151.67763494145714,75.83881747072857,1.0,Low,linear_midpoint
2025-10-11,Flower induction / pre-flowering,0.65,0.63216,3.139,1.9844,0.0,151.67763494145714,75.83881747072857,1.0,Low,linear_midpoint
2025-10-12,Flower induction / pre-flowering,0.65,0.63266,3.9839,2.5205,0.0,151.67763494145714,75.83881747072857,1.0,Low,linear_midpoint
2025-10-13,Flower induction / pre-flowering,0.65,0.63317,3.1761,2.011,0.0,151.67763494145714,75.83881747072857,1.0,Low,linear_midpoint
2025-10-14,Flower induction / pre-flowering,0.65,0.63367,3.2708,2.0726,0.0,151.67763494145714,75.83881747072857,1.0,Low,linear_midpoint
2025-10-15,Flower induction / pre-flowering,0.65,0.63417,3.0672,1.9452,1.015,151.67763494145714,75.83881747072857,1.0,Low,linear_midpoint
2025-10-16,Flower induction / pre-flowering,0.65,0.63467,2.5486,1.6175,0.0,151.67763494145714,75.83881747072857,1.0,Low,linear_midpoint
2025-10-17,Flower induction / pre-flowering,0.65,0.63518,2.5792,1.6383,0.0,151.67763494145714,75.83881747072857,1.0,Low,linear_midpoint
2025-10-18,Flower induction / pre-flowering,0.65,0.63568,2.5582,1.6262,0.0,151.67763494145714,75.83881747072857,1.0,Low,linear_midpoint
2025-10-19,Flower induction / pre-flowering,0.65,0.63618,3.3385,2.1239,1.264,151.67763494145714,75.83881747072857,1.0,Low,linear_midpoint
2025-10-20,Flower induction / pre-flowering,0.65,0.63668,3.0205,1.9231,0.0,151.67763494145714,75.83881747072857,1.0,Low,linear_midpoint
2025-10-21,Flower induction / pre-flowering,0.65,0.63719,1.8043,1.1497,0.0,151.67763494145714,75.83881747072857,1.0,Low,linear_midpoint
2025-10-22,Flower induction / pre-flowering,0.65,0.63769,1.7068,1.0884,0.0,151.67763494145714,75.83881747072857,1.0,Low,linear_midpoint
2025-10-23,Flower induction / pre-flowering,0.65,0.63819,2.7699,1.7677,0.0,151.67763494145714,75.83881747072857,1.0,Low,linear_midpoint
2025-10-24,Flower induction / pre-flowering,0.65,0.63869,2.4965,1.5945,0.0,151.67763494145714,75.83881747072857,1.0,Low,linear_midpoint
2025-10-25,Flower induction / pre-flowering,0.65,0.6392,3.4229,2.1879,0.908,151.67763494145714,75.83881747072857,1.0,Low,linear_midpoint
2025-10-26,Flower induction / pre-flowering,0.65,0.6397,3.1117,1.9905,0.0,151.67763494145714,75.83881747072857,1.0,Low,linear_midpoint
2025-10-27,Flower induction / pre-flowering,0.65,0.6402,1.7132,1.0968,0.0,151.67763494145714,75.83881747072857,1.0,Low,linear_midpoint
2025-10-28,Flower induction / pre-flowering,0.65,0.6407,1.6416,1.0518,0.0,151.67763494145714,75.83881747072857,1.0,Low,linear_midpoint
2025-10-29,Flower induction / pre-flowering,0.65,0.64121,3.5569,2.2807,1.261,151.67763494145714,75.83881747072857,1.0,Low,linear_midpoint
2025-10-30,Flower induction / pre-flowering,0.65,0.64171,4.0511,2.5996,3.85,151.67763494145714,75.83881747072857,1.0,Low,linear_midpoint
2025-10-31,Flower induction / pre-flowering,0.65,0.64221,4.2751,2.7455,6.596,151.67763494145714,75.83881747072857,1.0,Low,linear_midpoint
2025-11-01,Flower induction / pre-flowering,0.65,0.64271,3.795,2.4391,9.035,151.67763494145714,75.83881747072857,1.0,Low,linear_midpoint
2025-11-02,Flower induction / pre-flowering,0.65,0.64322,3.0737,1.977,11.012,151.67763494145714,75.83881747072857,1.0,Low,linear_midpoint
2025-11-03,Flower induction / pre-flowering,0.65,0.64372,3.2679,2.1036,12.316,151.67763494145714,75.83881747072857,1.0,Low,linear_midpoint
2025-11-04,Flower induction / pre-flowering,0.65,0.64422,2.5173,1.6217,13.387,151.67763494145714,75.83881747072857,1.0,Low,linear_midpoint
2025-11-05,Flower induction / pre-flowering,0.65,0.64472,2.7414,1.7674,12.005,151.67763494145714,75.83881747072857,1.0,Low,linear_midpoint
2025-11-06,Flower induction / pre-flowering,0.65,0.64523,1.9966,1.2883,1.243,151.67763494145714,75.83881747072857,1.0,Low,linear_midpoint
2025-11-07,Flower induction / pre-flowering,0.65,0.64573,3.0086,1.9428,1.846,151.67763494145714,75.83881747072857,1.0,Low,linear_midpoint
2025-11-08,Flower induction / pre-flowering,0.65,0.64623,3.2921,2.1275,3.973,151.67763494145714,75.83881747072857,1.0,Low,linear_midpoint
2025-11-09,Flower induction / pre-flowering,0.65,0.64673,3.3167,2.145,6.118,151.67763494145714,75.83881747072857,1.0,Low,linear_midpoint
2025-11-10,Flower induction / pre-flowering,0.65,0.64724,3.3022,2.1373,8.256,151.67763494145714,75.83881747072857,1.0,Low,linear_midpoint
2025-11-11,Flower induction / pre-flowering,0.65,0.64774,3.191,2.0669,10.322,151.67763494145714,75.83881747072857,1.0,Low,linear_midpoint
2025-11-12,Flower induction / pre-flowering,0.65,0.64824,2.9896,1.938,12.26,151.67763494145714,75.83881747072857,1.0,Low,linear_midpoint
2025-11-13,Flower induction / pre-flowering,0.65,0.64874,2.8042,1.8192,14.07,151.67763494145714,75.83881747072857,1.0,Low,linear_midpoint
2025-11-14,Flower induction / pre-flowering,0.65,0.64925,2.8793,1.8694,15.939,151.67763494145714,75.83881747072857,1.0,Low,linear_midpoint
2025-11-15,Flower induction / pre-flowering,0.65,0.64975,2.7996,1.819,17.758,151.67763494145714,75.83881747072857,1.0,Low,stage_anchor
2025-11-16,Flower induction / pre-flowering,0.65,0.65072,2.2571,1.4688,19.177,151.67763494145714,75.83881747072857,1.0,Low,linear_midpoint
2025-11-17,Flower induction / pre-flowering,0.65,0.65217,2.5952,1.6925,20.509,151.67763494145714,75.83881747072857,1.0,Low,linear_midpoint
2025-11-18,Flower induction / pre-flowering,0.65,0.65362,1.6893,1.1042,16.244,151.67763494145714,75.83881747072857,1.0,Low,linear_midpoint
2025-11-19,Flower induction / pre-flowering,0.65,0.65507,2.6767,1.7534,17.367,151.67763494145714,75.83881747072857,1.0,Low,linear_midpoint
2025-11-20,Flower induction / pre-flowering,0.65,0.65652,3.3489,2.1986,19.496,151.67763494145714,75.83881747072857,1.0,Low,linear_midpoint
2025-11-21,Flower induction / pre-flowering,0.65,0.65797,2.1263,1.399,13.485,151.67763494145714,75.83881747072857,1.0,Low,linear_midpoint
2025-11-22,Flower induction / pre-flowering,0.65,0.65942,2.3706,1.5632,11.218,151.67763494145714,75.83881747072857,1.0,Low,linear_midpoint
2025-11-23,Flower induction / pre-flowering,0.65,0.66087,2.1309,1.4083,10.396,151.67763494145714,75.83881747072857,1.0,Low,linear_midpoint
2025-11-24,Flower induction / pre-flowering,0.65,0.66232,2.7214,1.8024,11.538,151.67763494145714,75.83881747072857,1.0,Low,linear_midpoint
2025-11-25,Flower induction / pre-flowering,0.65,0.66377,2.5028,1.6613,13.2,151.67763494145714,75.83881747072857,1.0,Low,linear_midpoint
2025-11-26,Flower induction / pre-flowering,0.65,0.66522,2.6989,1.7954,14.995,151.67763494145714,75.83881747072857,1.0,Low,linear_midpoint
2025-11-27,Flower induction / pre-flowering,0.65,0.66667,2.5329,1.6886,16.684,151.67763494145714,75.83881747072857,1.0,Low,linear_midpoint
2025-11-28,Flower induction / pre-flowering,0.65,0.66812,2.3796,1.5898,18.264,151.67763494145714,75.83881747072857,1.0,Low,linear_midpoint
2025-11-29,Flower induction / pre-flowering,0.65,0.66957,1.5022,1.0058,15.589,151.67763494145714,75.83881747072857,1.0,Low,linear_midpoint
2025-11-30,Flower induction / pre-flowering,0.65,0.67101,1.2686,0.8512,10.051,151.67763494145714,75.83881747072857,1.0,Low,linear_midpoint
2025-12-01,Flower induction / pre-flowering,0.65,0.67246,1.7315,1.1644,7.825,151.67763494145714,75.83881747072857,1.0,Low,linear_midpoint
2025-12-02,Flower induction / pre-flowering,0.65,0.67391,1.7221,1.1606,2.926,151.67763494145714,75.83881747072857,1.0,Low,linear_midpoint
2025-12-03,Flower induction / pre-flowering,0.65,0.67536,1.9303,1.3037,1.969,151.67763494145714,75.83881747072857,1.0,Low,linear_midpoint
2025-12-04,Flower induction / pre-flowering,0.65,0.67681,2.2557,1.5267,0.0,151.67763494145714,75.83881747072857,1.0,Low,linear_midpoint
2025-12-05,Flower induction / pre-flowering,0.65,0.67826,2.145,1.4549,0.835,151.67763494145714,75.83881747072857,1.0,Low,linear_midpoint
2025-12-06,Flower induction / pre-flowering,0.65,0.67971,2.6089,1.7733,2.608,151.67763494145714,75.83881747072857,1.0,Low,linear_midpoint
2025-12-07,Flower induction / pre-flowering,0.65,0.68116,2.4709,1.6831,4.291,151.67763494145714,75.83881747072857,1.0,Low,linear_midpoint
2025-12-08,Flower induction / pre-flowering,0.65,0.68261,2.9843,2.0371,6.328,151.67763494145714,75.83881747072857,1.0,Low,linear_midpoint
2025-12-09,Flower induction / pre-flowering,0.65,0.68406,2.8811,1.9709,8.299,151.67763494145714,75.83881747072857,1.0,Low,linear_midpoint
2025-12-10,Flower induction / pre-flowering,0.65,0.68551,3.0627,2.0995,10.399,151.67763494145714,75.83881747072857,1.0,Low,linear_midpoint
2025-12-11,Flower induction / pre-flowering,0.65,0.68696,2.9614,2.0343,12.433,151.67763494145714,75.83881747072857,1.0,Low,linear_midpoint
2025-12-12,Flower induction / pre-flowering,0.65,0.68841,3.065,2.11,14.543,151.67763494145714,75.83881747072857,1.0,Low,linear_midpoint
2025-12-13,Flower induction / pre-flowering,0.65,0.68986,3.0847,2.128,16.671,151.67763494145714,75.83881747072857,1.0,Low,linear_midpoint
2025-12-14,Flower induction / pre-flowering,0.65,0.6913,3.0059,2.078,18.749,151.67763494145714,75.83881747072857,1.0,Low,linear_midpoint
2025-12-15,Flower induction / pre-flowering,0.65,0.69275,3.0683,2.1256,20.875,151.67763494145714,75.83881747072857,1.0,Low,linear_midpoint
2025-12-16,Flower induction / pre-flowering,0.65,0.6942,1.9262,1.3372,21.982,151.67763494145714,75.83881747072857,1.0,Low,linear_midpoint
2025-12-17,Flower induction / pre-flowering,0.65,0.69565,3.1536,2.1938,24.146,151.67763494145714,75.83881747072857,1.0,Low,linear_midpoint
2025-12-18,Flower induction / pre-flowering,0.65,0.6971,2.7863,1.9423,26.088,151.67763494145714,75.83881747072857,1.0,Low,linear_midpoint
2025-12-19,Flower induction / pre-flowering,0.65,0.69855,2.8007,1.9564,28.044,151.67763494145714,75.83881747072857,1.0,Low,linear_midpoint
2025-12-20,Flower induction / pre-flowering,0.65,0.7,2.679,1.8753,29.92,151.67763494145714,75.83881747072857,1.0,Low,linear_midpoint
2025-12-21,Flower induction / pre-flowering,0.65,0.70145,2.5885,1.8157,31.735,151.67763494145714,75.83881747072857,1.0,Low,linear_midpoint
2025-12-22,Flower induction / pre-flowering,0.65,0.7029,2.3671,1.6638,33.399,151.67763494145714,75.83881747072857,1.0,Low,linear_midpoint
2025-12-23,Flower induction / pre-flowering,0.65,0.70435,2.8447,2.0037,35.403,151.67763494145714,75.83881747072857,1.0,Low,linear_midpoint
2025-12-24,Flower induction / pre-flowering,0.65,0.7058,2.7454,1.9377,37.341,151.67763494145714,75.83881747072857,1.0,Low,linear_midpoint
2025-12-25,Flower induction / pre-flowering,0.65,0.70725,2.984,2.1104,39.451,151.67763494145714,75.83881747072857,1.0,Low,linear_midpoint
2025-12-26,Flower induction / pre-flowering,0.65,0.7087,3.0618,2.1699,41.621,151.67763494145714,75.83881747072857,1.0,Low,linear_midpoint
2025-12-27,Flower induction / pre-flowering,0.65,0.71014,3.1143,2.2116,43.832,151.67763494145714,75.83881747072857,1.0,Low,linear_midpoint
2025-12-28,Flower induction / pre-flowering,0.65,0.71159,2.9167,2.0755,45.908,151.67763494145714,75.83881747072857,1.0,Low,linear_midpoint
2025-12-29,Flower induction / pre-flowering,0.65,0.71304,2.8878,2.0592,47.967,151.67763494145714,75.83881747072857,1.0,Low,linear_midpoint
2025-12-30,Flower induction / pre-flowering,0.65,0.71449,3.0945,2.211,50.178,151.67763494145714,75.83881747072857,1.0,Low,linear_midpoint
2025-12-31,Flower induction / pre-flowering,0.65,0.71594,2.9704,2.1266,52.225,151.67763494145714,75.83881747072857,1.0,Low,linear_midpoint
2026-01-01,Flowering,0.75,0.71739,2.3036,1.6526,53.827,151.67763494145714,75.83881747072857,1.0,Low,linear_midpoint
2026-01-02,Flowering,0.75,0.71884,2.8071,2.0178,55.845,151.67763494145714,75.83881747072857,1.0,Low,linear_midpoint
2026-01-03,Flowering,0.75,0.72029,3.1092,2.2396,58.085,151.67763494145714,75.83881747072857,1.0,Low,linear_midpoint
2026-01-04,Flowering,0.75,0.72174,3.1744,2.2911,60.376,151.67763494145714,75.83881747072857,1.0,Low,linear_midpoint
2026-01-05,Flowering,0.75,0.72319,3.0668,2.2179,62.594,151.67763494145714,75.83881747072857,1.0,Low,linear_midpoint
2026-01-06,Flowering,0.75,0.72464,2.6276,1.9041,64.438,151.67763494145714,75.83881747072857,1.0,Low,linear_midpoint
2026-01-07,Flowering,0.75,0.72609,3.2735,2.3769,66.805,151.67763494145714,75.83881747072857,1.0,Low,linear_midpoint
2026-01-08,Flowering,0.75,0.72754,3.1898,2.3207,69.125,151.67763494145714,75.83881747072857,1.0,Low,linear_midpoint
2026-01-09,Flowering,0.75,0.72899,2.9404,2.1435,71.269,151.67763494145714,75.83881747072857,1.0,Low,linear_midpoint
2026-01-10,Flowering,0.75,0.73043,2.258,1.6493,72.818,151.67763494145714,75.83881747072857,1.0,Low,linear_midpoint
2026-01-11,Flowering,0.75,0.73188,2.2072,1.6154,74.173,151.67763494145714,75.83881747072857,1.0,Low,linear_midpoint
2026-01-12,Flowering,0.75,0.73333,2.3328,1.7107,75.424,151.67763494145714,75.83881747072857,1.0,Low,linear_midpoint
2026-01-13,Flowering,0.75,0.73478,2.9685,2.1812,77.565,151.67763494145714,75.83881747072857,0.9772,Low,linear_midpoint
2026-01-14,Flowering,0.75,0.73623,3.6496,2.687,80.252,151.67763494145714,75.83881747072857,0.9418,Low,linear_midpoint
2026-01-15,Flowering,0.75,0.73768,3.6511,2.6934,82.946,151.67763494145714,75.83881747072857,0.9063,Low,linear_midpoint
2026-01-16,Flowering,0.75,0.73913,3.5201,2.6018,85.548,151.67763494145714,75.83881747072857,0.872,Medium,linear_midpoint
2026-01-17,Flowering,0.75,0.74058,3.6208,2.6815,88.229,151.67763494145714,75.83881747072857,0.8366,Medium,linear_midpoint
2026-01-18,Flowering,0.75,0.74203,3.8747,2.8751,91.104,151.67763494145714,75.83881747072857,0.7987,Medium,linear_midpoint
2026-01-19,Flowering,0.75,0.74348,4.0463,3.0084,94.113,151.67763494145714,75.83881747072857,0.759,Medium,linear_midpoint
2026-01-20,Flowering,0.75,0.74493,3.8685,2.8818,96.994,151.67763494145714,75.83881747072857,0.721,Medium,linear_midpoint
2026-01-21,Flowering,0.75,0.74638,3.7257,2.7808,99.775,151.67763494145714,75.83881747072857,0.6844,Medium,linear_midpoint
2026-01-22,Flowering,0.75,0.74783,3.8173,2.8547,102.63,151.67763494145714,75.83881747072857,0.6467,Medium,linear_midpoint
2026-01-23,Flowering,0.75,0.74928,3.5584,2.6662,105.286,151.67763494145714,75.83881747072857,0.6117,Medium,linear_midpoint
2026-01-24,Flowering,0.75,0.75135,2.3919,1.7971,106.743,151.67763494145714,75.83881747072857,0.5925,High,stage_anchor
2026-01-25,Flowering,0.75,0.75405,2.6153,1.9721,106.595,151.67763494145714,75.83881747072857,0.5944,High,linear_midpoint
2026-01-26,Flowering,0.75,0.75676,2.3498,1.7782,106.744,151.67763494145714,75.83881747072857,0.5925,High,linear_midpoint
2026-01-27,Flowering,0.75,0.75946,3.8425,2.9182,109.542,151.67763494145714,75.83881747072857,0.5556,High,linear_midpoint
2026-01-28,Flowering,0.75,0.76216,3.812,2.9054,112.447,151.67763494145714,75.83881747072857,0.5173,High,linear_midpoint
2026-01-29,Flowering,0.75,0.76486,3.5628,2.7251,115.172,151.67763494145714,75.83881747072857,0.4814,High,linear_midpoint
2026-01-30,Flowering,0.75,0.76757,4.0763,3.1288,118.301,151.67763494145714,75.83881747072857,0.4401,High,linear_midpoint
2026-01-31,Flowering,0.75,0.77027,4.2156,3.2472,121.548,151.67763494145714,75.83881747072857,0.3973,High,linear_midpoint
2026-02-01,Flowering,0.75,0.77297,3.8546,2.9795,124.528,151.67763494145714,75.83881747072857,0.358,High,linear_midpoint
2026-02-02,Flowering,0.75,0.77568,3.778,2.9305,127.458,151.67763494145714,75.83881747072857,0.3194,High,linear_midpoint
2026-02-03,Flowering,0.75,0.77838,4.0497,3.1522,130.61,151.67763494145714,75.83881747072857,0.2778,High,linear_midpoint
2026-02-04,Flowering,0.75,0.78108,4.315,3.3704,133.981,151.67763494145714,75.83881747072857,0.2333,High,linear_midpoint
2026-02-05,Flowering,0.75,0.78378,4.3464,3.4067,137.387,151.67763494145714,75.83881747072857,0.1884,High,linear_midpoint
2026-02-06,Flowering,0.75,0.78649,4.4011,3.4614,140.849,151.67763494145714,75.83881747072857,0.1428,High,linear_midpoint
2026-02-07,Flowering,0.75,0.78919,4.5623,3.6005,144.449,151.67763494145714,75.83881747072857,0.0953,High,linear_midpoint
2026-02-08,Flowering,0.75,0.79189,4.7373,3.7515,148.201,151.67763494145714,75.83881747072857,0.0458,High,linear_midpoint
2026-02-09,Flowering,0.75,0.79459,4.495,3.5717,151.678,151.67763494145714,75.83881747072857,0.0,High,linear_midpoint
2026-02-10,Flowering,0.75,0.7973,4.2566,3.3938,151.678,151.67763494145714,75.83881747072857,0.0,High,linear_midpoint
2026-02-11,Flowering,0.75,0.8,4.4153,3.5322,151.678,151.67763494145714,75.83881747072857,0.0,High,linear_midpoint
2026-02-12,Flowering,0.75,0.8027,4.6649,3.7446,151.678,151.67763494145714,75.83881747072857,0.0,High,linear_midpoint
2026-02-13,Flowering,0.75,0.80541,5.214,4.1994,151.678,151.67763494145714,75.83881747072857,0.0,High,linear_midpoint
2026-02-14,Flowering,0.75,0.80811,4.9631,4.0107,151.678,151.67763494145714,75.83881747072857,0.0,High,linear_midpoint
2026-02-15,Flowering,0.75,0.81081,5.0263,4.0754,151.678,151.67763494145714,75.83881747072857,0.0,High,linear_midpoint
2026-02-16,Fruit set,0.85,0.81351,5.1313,4.1744,151.678,151.67763494145714,75.83881747072857,0.0,High,linear_midpoint
2026-02-17,Fruit set,0.85,0.81622,4.9444,4.0357,151.678,151.67763494145714,75.83881747072857,0.0,High,linear_midpoint
2026-02-18,Fruit set,0.85,0.81892,4.6931,3.8433,151.678,151.67763494145714,75.83881747072857,0.0,High,linear_midpoint
2026-02-19,Fruit set,0.85,0.82162,5.0803,4.1741,151.678,151.67763494145714,75.83881747072857,0.0,High,linear_midpoint
2026-02-20,Fruit set,0.85,0.82432,4.9155,4.052,151.678,151.67763494145714,75.83881747072857,0.0,High,linear_midpoint
2026-02-21,Fruit set,0.85,0.82703,4.9897,4.1266,151.678,151.67763494145714,75.83881747072857,0.0,High,linear_midpoint
2026-02-22,Fruit set,0.85,0.82973,5.1862,4.3031,151.678,151.67763494145714,75.83881747072857,0.0,High,linear_midpoint
2026-02-23,Fruit set,0.85,0.83243,5.34,4.4452,151.678,151.67763494145714,75.83881747072857,0.0,High,linear_midpoint
2026-02-24,Fruit set,0.85,0.83514,5.0156,4.1887,151.678,151.67763494145714,75.83881747072857,0.0,High,linear_midpoint
2026-02-25,Fruit set,0.85,0.83784,5.099,4.2721,151.678,151.67763494145714,75.83881747072857,0.0,High,linear_midpoint
2026-02-26,Fruit set,0.85,0.84054,5.2306,4.3965,151.678,151.67763494145714,75.83881747072857,0.0,High,linear_midpoint
2026-02-27,Fruit set,0.85,0.84324,5.9365,5.0059,151.678,151.67763494145714,75.83881747072857,0.0,High,linear_midpoint
2026-02-28,Fruit set,0.85,0.84595,5.9685,5.049,151.678,151.67763494145714,75.83881747072857,0.0,High,linear_midpoint
2026-03-01,Fruit set,0.85,0.84865,6.4322,5.4587,151.678,151.67763494145714,75.83881747072857,0.0,High,stage_anchor
2026-03-02,Fruit set,0.85,0.85056,6.7722,5.7602,151.678,151.67763494145714,75.83881747072857,0.0,High,linear_midpoint
2026-03-03,Fruit set,0.85,0.85169,7.0243,5.9825,151.678,151.67763494145714,75.83881747072857,0.0,High,linear_midpoint
2026-03-04,Fruit set,0.85,0.85281,6.6641,5.6832,151.678,151.67763494145714,75.83881747072857,0.0,High,linear_midpoint
2026-03-05,Fruit set,0.85,0.85393,6.3592,5.4303,151.678,151.67763494145714,75.83881747072857,0.0,High,linear_midpoint
2026-03-06,Fruit set,0.85,0.85506,6.5227,5.5773,151.678,151.67763494145714,75.83881747072857,0.0,High,linear_midpoint
2026-03-07,Fruit set,0.85,0.85618,7.1277,6.1026,151.678,151.67763494145714,75.83881747072857,0.0,High,linear_midpoint
2026-03-08,Fruit set,0.85,0.8573,6.4622,5.5401,151.678,151.67763494145714,75.83881747072857,0.0,High,linear_midpoint
2026-03-09,Fruit set,0.85,0.85843,5.5829,4.7925,151.678,151.67763494145714,75.83881747072857,0.0,High,linear_midpoint
2026-03-10,Fruit set,0.85,0.85955,6.3445,5.4534,151.678,151.67763494145714,75.83881747072857,0.0,High,linear_midpoint
2026-03-11,Fruit set,0.85,0.86067,6.3353,5.4526,151.678,151.67763494145714,75.83881747072857,0.0,High,linear_midpoint
2026-03-12,Fruit set,0.85,0.8618,6.4188,5.5317,151.678,151.67763494145714,75.83881747072857,0.0,High,linear_midpoint
2026-03-13,Fruit set,0.85,0.86292,6.725,5.8032,151.678,151.67763494145714,75.83881747072857,0.0,High,linear_midpoint
2026-03-14,Fruit set,0.85,0.86404,6.99,6.0396,151.678,151.67763494145714,75.83881747072857,0.0,High,linear_midpoint
2026-03-15,Fruit set,0.85,0.86517,6.6942,5.7916,151.678,151.67763494145714,75.83881747072857,0.0,High,linear_midpoint
2026-03-16,Fruit development,0.9,0.86629,6.5054,5.6356,151.678,151.67763494145714,75.83881747072857,0.0,High,linear_midpoint
2026-03-17,Fruit development,0.9,0.86742,6.198,5.3762,151.678,151.67763494145714,75.83881747072857,0.0,High,linear_midpoint
2026-03-18,Fruit development,0.9,0.86854,5.924,5.1452,151.678,151.67763494145714,75.83881747072857,0.0,High,linear_midpoint
2026-03-19,Fruit development,0.9,0.86966,5.757,5.0066,142.594,151.67763494145714,75.83881747072857,0.1198,High,linear_midpoint
2026-03-20,Fruit development,0.9,0.87079,5.1649,4.4975,147.042,151.67763494145714,75.83881747072857,0.0611,High,linear_midpoint
2026-03-21,Fruit development,0.9,0.87191,5.3044,4.6249,151.667,151.67763494145714,75.83881747072857,0.0001,High,linear_midpoint
2026-03-22,Fruit development,0.9,0.87303,5.8084,5.0709,151.678,151.67763494145714,75.83881747072857,0.0,High,linear_midpoint
2026-03-23,Fruit development,0.9,0.87416,6.2261,5.4426,151.678,151.67763494145714,75.83881747072857,0.0,High,linear_midpoint
2026-03-24,Fruit development,0.9,0.87528,6.3275,5.5384,151.678,151.67763494145714,75.83881747072857,0.0,High,linear_midpoint
2026-03-25,Fruit development,0.9,0.8764,6.8298,5.9857,151.678,151.67763494145714,75.83881747072857,0.0,High,linear_midpoint
2026-03-26,Fruit development,0.9,0.87753,6.8521,6.0129,151.678,151.67763494145714,75.83881747072857,0.0,High,linear_midpoint
2026-03-27,Fruit development,0.9,0.87865,7.4551,6.5504,151.678,151.67763494145714,75.83881747072857,0.0,High,linear_midpoint
2026-03-28,Fruit development,0.9,0.87978,6.9093,6.0786,151.678,151.67763494145714,75.83881747072857,0.0,High,linear_midpoint
2026-03-29,Fruit development,0.9,0.8809,6.8049,5.9944,151.678,151.67763494145714,75.83881747072857,0.0,High,linear_midpoint
2026-03-30,Fruit development,0.9,0.88202,6.9431,6.124,151.678,151.67763494145714,75.83881747072857,0.0,High,linear_midpoint
2026-03-31,Fruit development,0.9,0.88315,7.1231,6.2907,151.678,151.67763494145714,75.83881747072857,0.0,High,linear_midpoint
2026-04-01,Fruit development,0.9,0.88427,7.5399,6.6673,151.678,151.67763494145714,75.83881747072857,0.0,High,linear_midpoint
2026-04-02,Fruit development,0.9,0.88539,7.2051,6.3794,151.678,151.67763494145714,75.83881747072857,0.0,High,linear_midpoint
2026-04-03,Fruit development,0.9,0.88652,6.7335,5.9694,151.678,151.67763494145714,75.83881747072857,0.0,High,linear_midpoint
2026-04-04,Fruit development,0.9,0.88764,5.9787,5.307,151.678,151.67763494145714,75.83881747072857,0.0,High,linear_midpoint
2026-04-05,Fruit development,0.9,0.88876,6.6279,5.8907,151.678,151.67763494145714,75.83881747072857,0.0,High,linear_midpoint
2026-04-06,Fruit development,0.9,0.88989,7.8353,6.9726,151.678,151.67763494145714,75.83881747072857,0.0,High,linear_midpoint
2026-04-07,Fruit development,0.9,0.89101,7.7381,6.8948,151.678,151.67763494145714,75.83881747072857,0.0,High,linear_midpoint
2026-04-08,Fruit development,0.9,0.89213,7.0111,6.2548,151.678,151.67763494145714,75.83881747072857,0.0,High,linear_midpoint
2026-04-09,Fruit development,0.9,0.89326,6.894,6.1581,151.678,151.67763494145714,75.83881747072857,0.0,High,linear_midpoint
2026-04-10,Fruit development,0.9,0.89438,7.4246,6.6404,151.678,151.67763494145714,75.83881747072857,0.0,High,linear_midpoint
2026-04-11,Fruit development,0.9,0.89551,8.0719,7.2285,151.678,151.67763494145714,75.83881747072857,0.0,High,linear_midpoint
2026-04-12,Fruit development,0.9,0.89663,8.2356,7.3843,151.678,151.67763494145714,75.83881747072857,0.0,High,linear_midpoint
2026-04-13,Fruit development,0.9,0.89775,8.0492,7.2262,151.678,151.67763494145714,75.83881747072857,0.0,High,linear_midpoint
2026-04-14,Fruit development,0.9,0.89888,8.2847,7.4469,151.678,151.67763494145714,75.83881747072857,0.0,High,linear_midpoint
2026-04-15,Fruit development,0.9,0.9,8.5975,7.7378,151.678,151.67763494145714,75.83881747072857,0.0,High,stage_anchor
2026-04-16,Fruit development,0.9,0.8978,8.4823,7.6154,151.678,151.67763494145714,75.83881747072857,0.0,High,linear_midpoint
2026-04-17,Fruit development,0.9,0.8956,8.7671,7.8519,151.678,151.67763494145714,75.83881747072857,0.0,High,linear_midpoint
2026-04-18,Fruit development,0.9,0.89341,8.4322,7.5334,151.678,151.67763494145714,75.83881747072857,0.0,High,linear_midpoint
2026-04-19,Fruit development,0.9,0.89121,8.4063,7.4918,151.678,151.67763494145714,75.83881747072857,0.0,High,linear_midpoint
2026-04-20,Fruit development,0.9,0.88901,8.1499,7.2454,151.678,151.67763494145714,75.83881747072857,0.0,High,linear_midpoint
2026-04-21,Fruit development,0.9,0.88681,8.2696,7.3336,151.678,151.67763494145714,75.83881747072857,0.0,High,linear_midpoint
2026-04-22,Fruit development,0.9,0.88462,8.281,7.3255,151.678,151.67763494145714,75.83881747072857,0.0,High,linear_midpoint
2026-04-23,Fruit development,0.9,0.88242,7.7849,6.8696,151.678,151.67763494145714,75.83881747072857,0.0,High,linear_midpoint
2026-04-24,Fruit development,0.9,0.88022,8.1401,7.1651,151.678,151.67763494145714,75.83881747072857,0.0,High,linear_midpoint
2026-04-25,Fruit development,0.9,0.87802,8.7125,7.6497,151.678,151.67763494145714,75.83881747072857,0.0,High,linear_midpoint
2026-04-26,Fruit development,0.9,0.87582,8.6336,7.5615,151.678,151.67763494145714,75.83881747072857,0.0,High,linear_midpoint
2026-04-27,Fruit development,0.9,0.87363,9.119,7.9666,151.678,151.67763494145714,75.83881747072857,0.0,High,linear_midpoint
2026-04-28,Fruit development,0.9,0.87143,8.5973,7.4919,151.678,151.67763494145714,75.83881747072857,0.0,High,linear_midpoint
2026-04-29,Fruit development,0.9,0.86923,7.1726,6.2346,151.678,151.67763494145714,75.83881747072857,0.0,High,linear_midpoint
2026-04-30,Fruit development,0.9,0.86703,6.5963,5.7192,142.767,151.67763494145714,75.83881747072857,0.1175,High,linear_midpoint
2026-05-01,Fruit development,0.9,0.86484,5.8924,5.0959,146.493,151.67763494145714,75.83881747072857,0.0684,High,linear_midpoint
2026-05-02,Fruit development,0.9,0.86264,7.2722,6.2732,151.678,151.67763494145714,75.83881747072857,0.0,High,linear_midpoint
2026-05-03,Fruit development,0.9,0.86044,6.3366,5.4523,151.678,151.67763494145714,75.83881747072857,0.0,High,linear_midpoint
2026-05-04,Fruit development,0.9,0.85824,5.9911,5.1418,146.829,151.67763494145714,75.83881747072857,0.0639,High,linear_midpoint
2026-05-05,Fruit development,0.9,0.85604,3.6139,3.0936,149.513,151.67763494145714,75.83881747072857,0.0285,High,linear_midpoint
2026-05-06,Fruit development,0.9,0.85385,4.9874,4.2585,151.678,151.67763494145714,75.83881747072857,0.0,High,linear_midpoint
2026-05-07,Fruit development,0.9,0.85165,6.282,5.3501,151.678,151.67763494145714,75.83881747072857,0.0,High,linear_midpoint
2026-05-08,Fruit development,0.9,0.84945,5.8901,5.0033,151.678,151.67763494145714,75.83881747072857,0.0,High,linear_midpoint
2026-05-09,Fruit development,0.9,0.84725,5.5957,4.741,151.678,151.67763494145714,75.83881747072857,0.0,High,linear_midpoint
2026-05-10,Fruit development,0.9,0.84505,6.6973,5.6596,151.678,151.67763494145714,75.83881747072857,0.0,High,linear_midpoint
2026-05-11,Fruit development,0.9,0.84286,6.5186,5.4943,151.678,151.67763494145714,75.83881747072857,0.0,High,linear_midpoint
2026-05-12,Fruit development,0.9,0.84066,6.8614,5.7681,151.678,151.67763494145714,75.83881747072857,0.0,High,linear_midpoint
2026-05-13,Fruit development,0.9,0.83846,7.0974,5.9509,151.678,151.67763494145714,75.83881747072857,0.0,High,linear_midpoint
2026-05-14,Fruit development,0.9,0.83626,6.995,5.8497,151.678,151.67763494145714,75.83881747072857,0.0,High,linear_midpoint
2026-05-15,Fruit development,0.9,0.83407,4.6938,3.9149,151.678,151.67763494145714,75.83881747072857,0.0,High,linear_midpoint
2026-05-16,Maturity / harvest,0.8,0.83187,6.4398,5.3571,151.678,151.67763494145714,75.83881747072857,0.0,High,linear_midpoint
2026-05-17,Maturity / harvest,0.8,0.82967,5.9664,4.9501,151.678,151.67763494145714,75.83881747072857,0.0,High,linear_midpoint
2026-05-18,Maturity / harvest,0.8,0.82747,5.8725,4.8593,150.517,151.67763494145714,75.83881747072857,0.0153,High,linear_midpoint
2026-05-19,Maturity / harvest,0.8,0.82527,5.2451,4.3286,151.426,151.67763494145714,75.83881747072857,0.0033,High,linear_midpoint
2026-05-21,Maturity / harvest,0.8,0.82308,7.5302,6.1979,148.764,151.67763494145714,75.83881747072857,0.0384,High,linear_midpoint
2026-05-22,Maturity / harvest,0.8,0.82088,6.4451,5.2907,149.724,151.67763494145714,75.83881747072857,0.0258,High,linear_midpoint
2026-05-23,Maturity / harvest,0.8,0.81868,4.4977,3.6822,151.678,151.67763494145714,75.83881747072857,0.0,High,linear_midpoint
2026-05-24,Maturity / harvest,0.8,0.81648,6.7599,5.5193,151.678,151.67763494145714,75.83881747072857,0.0,High,linear_midpoint
2026-05-25,Maturity / harvest,0.8,0.81429,6.7494,5.496,151.678,151.67763494145714,75.83881747072857,0.0,High,linear_midpoint
2026-05-26,Maturity / harvest,0.8,0.81209,6.0076,4.8787,136.506,151.67763494145714,75.83881747072857,0.2,High,linear_midpoint
2026-05-27,Maturity / harvest,0.8,0.80989,5.1648,4.1829,138.389,151.67763494145714,75.83881747072857,0.1752,High,linear_midpoint
2026-05-28,Maturity / harvest,0.8,0.80769,5.5068,4.4478,139.927,151.67763494145714,75.83881747072857,0.1549,High,linear_midpoint
2026-05-29,Maturity / harvest,0.8,0.80549,5.9599,4.8006,141.518,151.67763494145714,75.83881747072857,0.134,High,linear_midpoint
2026-05-30,Maturity / harvest,0.8,0.8033,4.8658,3.9087,142.976,151.67763494145714,75.83881747072857,0.1147,High,linear_midpoint
2026-05-31,Maturity / harvest,0.8,0.8011,5.6562,4.5312,145.958,151.67763494145714,75.83881747072857,0.0754,High,stage_anchor
2026-06-01,Maturity / harvest,0.8,0.79643,5.3901,4.2928,148.81,151.67763494145714,75.83881747072857,0.0378,High,linear_midpoint
2026-06-02,Maturity / harvest,0.8,0.78929,5.7553,4.5426,150.323,151.67763494145714,75.83881747072857,0.0179,High,linear_midpoint
2026-06-03,Maturity / harvest,0.8,0.78214,4.9161,3.8451,143.128,151.67763494145714,75.83881747072857,0.1127,High,linear_midpoint
2026-06-04,Maturity / harvest,0.8,0.775,6.3959,4.9569,141.405,151.67763494145714,75.83881747072857,0.1355,High,linear_midpoint
2026-06-05,Maturity / harvest,0.8,0.76786,6.249,4.7983,144.193,151.67763494145714,75.83881747072857,0.0987,High,linear_midpoint
2026-06-06,Maturity / harvest,0.8,0.76071,5.3085,4.0383,140.351,151.67763494145714,75.83881747072857,0.1493,High,linear_midpoint
2026-06-07,Maturity / harvest,0.8,0.75357,4.3051,3.2442,138.576,151.67763494145714,75.83881747072857,0.1728,High,linear_midpoint
2026-06-08,Maturity / harvest,0.8,0.74643,4.7361,3.5352,137.401,151.67763494145714,75.83881747072857,0.1883,High,linear_midpoint
2026-06-09,Maturity / harvest,0.8,0.73929,4.9457,3.6563,131.597,151.67763494145714,75.83881747072857,0.2648,High,linear_midpoint
2026-06-10,Maturity / harvest,0.8,0.73214,4.4394,3.2503,116.487,151.67763494145714,75.83881747072857,0.464,High,linear_midpoint
2026-06-11,Maturity / harvest,0.8,0.725,2.568,1.8618,91.759,151.67763494145714,75.83881747072857,0.7901,Medium,linear_midpoint
2026-06-12,Maturity / harvest,0.8,0.71786,2.8435,2.0413,88.3,151.67763494145714,75.83881747072857,0.8357,Medium,linear_midpoint
2026-06-13,Maturity / harvest,0.8,0.71071,4.4154,3.1381,86.149,151.67763494145714,75.83881747072857,0.8641,Medium,linear_midpoint
2026-06-14,Maturity / harvest,0.8,0.70357,4.377,3.0796,82.548,151.67763494145714,75.83881747072857,0.9115,Low,linear_midpoint
2026-06-15,Maturity / harvest,0.8,0.69643,5.6787,3.9548,85.753,151.67763494145714,75.83881747072857,0.8693,Medium,linear_midpoint
2026-06-16,Rest / vegetative phase,0.6,0.68929,5.9012,4.0676,84.41,151.67763494145714,75.83881747072857,0.887,Medium,linear_midpoint
2026-06-17,Rest / vegetative phase,0.6,0.68214,5.3255,3.6327,85.263,151.67763494145714,75.83881747072857,0.8757,Medium,linear_midpoint
2026-06-18,Rest / vegetative phase,0.6,0.675,4.1252,2.7845,81.518,151.67763494145714,75.83881747072857,0.9251,Low,linear_midpoint
2026-06-19,Rest / vegetative phase,0.6,0.66786,3.3629,2.246,81.754,151.67763494145714,75.83881747072857,0.922,Low,linear_midpoint
2026-06-20,Rest / vegetative phase,0.6,0.66071,3.5894,2.3716,79.505,151.67763494145714,75.83881747072857,0.9517,Low,linear_midpoint
2026-06-21,Rest / vegetative phase,0.6,0.65357,3.4126,2.2304,70.596,151.67763494145714,75.83881747072857,1.0,Low,linear_midpoint
2026-06-22,Rest / vegetative phase,0.6,0.64643,3.9444,2.5498,59.465,151.67763494145714,75.83881747072857,1.0,Low,linear_midpoint
2026-06-23,Rest / vegetative phase,0.6,0.63929,4.7506,3.037,56.462,151.67763494145714,75.83881747072857,1.0,Low,linear_midpoint
2026-06-24,Rest / vegetative phase,0.6,0.63214,5.1398,3.2491,58.362,151.67763494145714,75.83881747072857,1.0,Low,linear_midpoint
2026-06-25,Rest / vegetative phase,0.6,0.625,5.2117,3.2573,58.709,151.67763494145714,75.83881747072857,1.0,Low,linear_midpoint
2026-06-26,Rest / vegetative phase,0.6,0.61786,5.1964,3.2107,61.629,151.67763494145714,75.83881747072857,1.0,Low,linear_midpoint
2026-06-27,Rest / vegetative phase,0.6,0.61071,5.4163,3.3078,61.667,151.67763494145714,75.83881747072857,1.0,Low,linear_midpoint
2026-06-28,Rest / vegetative phase,0.6,0.60357,4.1582,2.5097,53.287,151.67763494145714,75.83881747072857,1.0,Low,stage_anchor
2026-06-29,Rest / vegetative phase,0.6,0.6,4.8184,2.891,45.018,151.67763494145714,75.83881747072857,1.0,Low,linear_midpoint
2026-06-30,Rest / vegetative phase,0.6,0.6,4.6937,2.8162,44.924,151.67763494145714,75.83881747072857,1.0,Low,linear_midpoint
2026-07-01,Rest / vegetative phase,0.6,0.6,3.9174,2.3504,45.765,151.67763494145714,75.83881747072857,1.0,Low,linear_midpoint
2026-07-02,Rest / vegetative phase,0.6,0.6,3.8762,2.3257,46.52,151.67763494145714,75.83881747072857,1.0,Low,linear_midpoint
2026-07-03,Rest / vegetative phase,0.6,0.6,4.2005,2.5203,45.761,151.67763494145714,75.83881747072857,1.0,Low,linear_midpoint
2026-07-04,Rest / vegetative phase,0.6,0.6,3.9308,2.3585,47.739,151.67763494145714,75.83881747072857,1.0,Low,linear_midpoint
2026-07-05,Rest / vegetative phase,0.6,0.6,5.1714,3.1029,50.832,151.67763494145714,75.83881747072857,1.0,Low,linear_midpoint
2026-07-06,Rest / vegetative phase,0.6,0.6,5.9335,3.5601,54.302,151.67763494145714,75.83881747072857,1.0,Low,linear_midpoint
2026-07-07,Rest / vegetative phase,0.6,0.6,5.4038,3.2423,56.805,151.67763494145714,75.83881747072857,1.0,Low,linear_midpoint
2026-07-08,Rest / vegetative phase,0.6,0.6,4.5063,2.7038,58.728,151.67763494145714,75.83881747072857,1.0,Low,linear_midpoint
2026-07-09,Rest / vegetative phase,0.6,0.6,4.4621,2.6773,56.866,151.67763494145714,75.83881747072857,1.0,Low,linear_midpoint
2026-07-10,Rest / vegetative phase,0.6,0.6,3.6249,2.1749,53.121,151.67763494145714,75.83881747072857,1.0,Low,linear_midpoint
2026-07-11,Rest / vegetative phase,0.6,0.6,5.0012,3.0007,55.771,151.67763494145714,75.83881747072857,1.0,Low,linear_midpoint
