date,et0_mm,etc_mm,rainfall_mm,root_zone_depletion_mm,taw_mm,raw_mm,water_stress_coefficient_ks,water_stress_level
2025-01-01,2.86351322851447,2.1476349213858525,0.0,2.1476349213858525,151.67763494145714,75.83881747072857,1.0,Low
2025-01-02,2.8184980459671167,2.1138735344753377,0.0,4.26150845586119,151.67763494145714,75.83881747072857,1.0,Low
2025-01-03,3.0334477549137087,2.2750858161852814,0.0,6.536594272046472,151.67763494145714,75.83881747072857,1.0,Low
2025-01-04,3.0615739229514864,2.2961804422136147,0.0,8.832774714260086,151.67763494145714,75.83881747072857,1.0,Low
2025-01-05,2.962278774199616,2.221709080649712,0.0,11.054483794909798,151.67763494145714,75.83881747072857,1.0,Low
2025-01-06,3.1639633589055056,2.3729725191791293,0.0,13.427456314088927,151.67763494145714,75.83881747072857,1.0,Low
2025-01-07,3.187701601339374,2.3907762010045306,0.0,15.818232515093458,151.67763494145714,75.83881747072857,1.0,Low
2025-01-08,3.1367888154124164,2.3525916115593124,0.0,18.17082412665277,151.67763494145714,75.83881747072857,1.0,Low
2025-01-09,2.603669628895951,1.9527522216719633,0.0,20.123576348324736,151.67763494145714,75.83881747072857,1.0,Low
2025-01-10,2.309396327794232,1.7320472458456742,0.01,21.84562359417041,151.67763494145714,75.83881747072857,1.0,Low
2025-01-11,1.941845246753734,1.4563839350653005,0.0,23.30200752923571,151.67763494145714,75.83881747072857,1.0,Low
2025-01-12,3.2159076234363204,2.41193071757724,0.19,25.523938246812946,151.67763494145714,75.83881747072857,1.0,Low
2025-01-13,2.426231694164527,1.8196737706233954,1.92,25.42361201743634,151.67763494145714,75.83881747072857,1.0,Low
2025-01-14,2.4988484602588144,1.8741363451941107,0.35,26.94774836263045,151.67763494145714,75.83881747072857,1.0,Low
2025-01-15,2.7263735769181907,2.044780182688643,0.0,28.992528545319093,151.67763494145714,75.83881747072857,1.0,Low
2025-01-16,2.969815656313819,2.227361742235364,0.0,31.219890287554456,151.67763494145714,75.83881747072857,1.0,Low
2025-01-17,2.4881038817629375,1.8660779113222032,0.0,33.08596819887666,151.67763494145714,75.83881747072857,1.0,Low
2025-01-18,3.088397713795228,2.316298285346421,2.34,33.06226648422308,151.67763494145714,75.83881747072857,1.0,Low
2025-01-19,1.6655362876012398,1.2491522157009298,7.91,26.40141869992401,151.67763494145714,75.83881747072857,1.0,Low
2025-01-20,3.3519494474853597,2.5139620856140197,0.08,28.83538078553803,151.67763494145714,75.83881747072857,1.0,Low
2025-01-21,3.4752761166877004,2.6064570875157753,0.0,31.441837873053807,151.67763494145714,75.83881747072857,1.0,Low
2025-01-22,3.5482823047602055,2.661211728570154,0.0,34.10304960162396,151.67763494145714,75.83881747072857,1.0,Low
2025-01-23,3.693964264198139,2.770473198148604,0.0,36.87352279977256,151.67763494145714,75.83881747072857,1.0,Low
2025-01-24,3.66544364898833,2.7490827367412476,0.0,39.62260553651381,151.67763494145714,75.83881747072857,1.0,Low
2025-01-25,3.766422092236088,2.824816569177066,0.0,42.447422105690876,151.67763494145714,75.83881747072857,1.0,Low
2025-01-26,4.0780375280541605,3.0585281460406204,0.0,45.5059502517315,151.67763494145714,75.83881747072857,1.0,Low
2025-01-27,3.776927392124862,2.8326955440936468,0.0,48.338645795825144,151.67763494145714,75.83881747072857,1.0,Low
2025-01-28,3.6713007100144535,2.75347553251084,0.0,51.092121328335985,151.67763494145714,75.83881747072857,1.0,Low
2025-01-29,3.9922344067589797,2.9941758050692346,0.0,54.08629713340522,151.67763494145714,75.83881747072857,1.0,Low
2025-01-30,4.008913499129543,3.006685124347157,0.0,57.092982257752375,151.67763494145714,75.83881747072857,1.0,Low
2025-01-31,4.156712731524224,3.1175345486431683,0.0,60.210516806395546,151.67763494145714,75.83881747072857,1.0,Low
2025-02-01,4.331840370670495,3.248880278002871,0.0,63.45939708439842,151.67763494145714,75.83881747072857,1.0,Low
2025-02-02,4.567208475714172,3.425406356785629,0.0,66.88480344118405,151.67763494145714,75.83881747072857,1.0,Low
2025-02-03,4.925582030850202,3.6941865231376516,0.0,70.57898996432169,151.67763494145714,75.83881747072857,1.0,Low
2025-02-04,5.020208576280714,3.7651564322105355,0.0,74.34414639653222,151.67763494145714,75.83881747072857,1.0,Low
2025-02-05,4.898545482324547,3.67390911174341,0.0,78.01805550827564,151.67763494145714,75.83881747072857,0.9712648731846566,Low
2025-02-06,4.473697703906467,3.35527327792985,0.0,81.37332878620549,151.67763494145714,75.83881747072857,0.9270227107956547,Low
2025-02-07,4.535981041166701,3.401985780875026,0.0,84.77531456708051,151.67763494145714,75.83881747072857,0.8821646039008829,Medium
2025-02-08,4.4769101546112715,3.3576826159584536,0.0,88.13299718303897,151.67763494145714,75.83881747072857,0.8378906723188878,Medium
2025-02-09,4.248688202970418,3.1865161522278136,0.0,91.31951333526678,151.67763494145714,75.83881747072857,0.7958737176972297,Medium
2025-02-10,4.069270661493275,3.0519529961199563,0.0,94.37146633138673,151.67763494145714,75.83881747072857,0.7556310939604091,Medium
2025-02-11,4.761328431245868,3.570996323434401,0.0,97.94246265482113,151.67763494145714,75.83881747072857,0.7085444377791904,Medium
2025-02-12,5.098753589060288,3.824065191795216,0.0,101.76652784661634,151.67763494145714,75.83881747072857,0.6581208510286297,Medium
2025-02-13,5.41213767525509,4.059103256441317,0.0,105.82563110305766,151.67763494145714,75.83881747072857,0.6045980853551275,Medium
2025-02-14,5.232486911968277,3.9243651839762075,0.0,109.74999628703387,151.67763494145714,75.83881747072857,0.5528519569889924,High
2025-02-15,5.075684581819792,3.806763436364844,0.0,113.55675972339871,151.67763494145714,75.83881747072857,0.5026565087565072,High
2025-02-16,5.088765046801322,3.8165737851009918,0.0,117.3733335084997,151.67763494145714,75.83881747072857,0.4523317026428826,High
2025-02-17,5.132518675895167,3.849389006921375,0.0,121.22272251542107,151.67763494145714,75.83881747072857,0.40157419962133145,High
2025-02-18,5.211265221633299,3.9084489162249745,0.0,125.13117143164604,151.67763494145714,75.83881747072857,0.3500379409272463,High
2025-02-19,5.395836094166929,4.046877070625197,0.0,129.17804850227122,151.67763494145714,75.83881747072857,0.2966763880234559,High
2025-02-20,5.306138095147824,3.979603571360868,0.0,133.15765207363208,151.67763494145714,75.83881747072857,0.2442018940362988,High
2025-02-21,5.028754926534727,3.7715661949010455,0.0,136.92921826853313,151.67763494145714,75.83881747072857,0.1944705516883414,High
2025-02-22,5.27475561752034,3.9560667131402547,0.0,140.88528498167338,151.67763494145714,75.83881747072857,0.14230641140929282,High
2025-02-23,5.824036369438427,4.36802727707882,0.0,145.2533122587522,151.67763494145714,75.83881747072857,0.08471021697014895,High
2025-02-24,5.709248162810987,4.28193612210824,0.0,149.53524838086045,151.67763494145714,75.83881747072857,0.028249208413931106,High
2025-02-25,5.244186665491952,3.933139999118964,0.0,151.67763494145714,151.67763494145714,75.83881747072857,0.0,High
2025-02-26,5.302939036727996,3.9772042775459973,0.0,151.67763494145714,151.67763494145714,75.83881747072857,0.0,High
2025-02-27,5.080920573088136,3.810690429816102,0.0,151.67763494145714,151.67763494145714,75.83881747072857,0.0,High
2025-02-28,5.318454064098408,3.9888405480738065,0.0,151.67763494145714,151.67763494145714,75.83881747072857,0.0,High
2025-03-01,5.3263067023396005,3.9947300267547003,0.01,151.67763494145714,151.67763494145714,75.83881747072857,0.0,High
2025-03-02,5.785333580419048,4.339000185314286,0.0,151.67763494145714,151.67763494145714,75.83881747072857,0.0,High
2025-03-03,6.12156469709447,4.591173522820853,0.0,151.67763494145714,151.67763494145714,75.83881747072857,0.0,High
2025-03-04,6.151477734706684,4.613608301030013,0.0,151.67763494145714,151.67763494145714,75.83881747072857,0.0,High
2025-03-05,6.132241483510367,4.599181112632776,0.0,151.67763494145714,151.67763494145714,75.83881747072857,0.0,High
2025-03-06,6.7738101013145835,5.080357575985937,0.0,151.67763494145714,151.67763494145714,75.83881747072857,0.0,High
2025-03-07,6.787988964165569,5.090991723124176,0.0,151.67763494145714,151.67763494145714,75.83881747072857,0.0,High
2025-03-08,6.584620075221544,4.938465056416158,0.0,151.67763494145714,151.67763494145714,75.83881747072857,0.0,High
2025-03-09,6.388143688060839,4.791107766045629,0.0,151.67763494145714,151.67763494145714,75.83881747072857,0.0,High
2025-03-10,6.0161755472458225,4.512131660434367,0.0,151.67763494145714,151.67763494145714,75.83881747072857,0.0,High
2025-03-11,5.418422255295085,4.063816691471314,0.89,151.67763494145714,151.67763494145714,75.83881747072857,0.0,High
2025-03-12,5.757074189870215,4.317805642402661,0.32,151.67763494145714,151.67763494145714,75.83881747072857,0.0,High
2025-03-13,6.672089470028593,5.004067102521445,0.0,151.67763494145714,151.67763494145714,75.83881747072857,0.0,High
2025-03-14,7.016675664776271,5.262506748582203,0.0,151.67763494145714,151.67763494145714,75.83881747072857,0.0,High
2025-03-15,7.018241020208336,5.263680765156252,0.0,151.67763494145714,151.67763494145714,75.83881747072857,0.0,High
2025-03-16,6.962304782592818,5.2217285869446135,0.0,151.67763494145714,151.67763494145714,75.83881747072857,0.0,High
2025-03-17,6.710253564402359,5.03269017330177,0.0,151.67763494145714,151.67763494145714,75.83881747072857,0.0,High
2025-03-18,6.9438413594564095,5.207881019592307,0.0,151.67763494145714,151.67763494145714,75.83881747072857,0.0,High
2025-03-19,7.431877661134779,5.573908245851085,0.0,151.67763494145714,151.67763494145714,75.83881747072857,0.0,High
2025-03-20,7.717592561115797,5.788194420836848,0.0,151.67763494145714,151.67763494145714,75.83881747072857,0.0,High
2025-03-21,7.03988746145844,5.279915596093829,0.0,151.67763494145714,151.67763494145714,75.83881747072857,0.0,High
2025-03-22,5.521188745639796,4.140891559229846,1.35,151.67763494145714,151.67763494145714,75.83881747072857,0.0,High
2025-03-23,5.423116943712343,4.067337707784257,1.35,151.67763494145714,151.67763494145714,75.83881747072857,0.0,High
2025-03-24,6.7779331586802325,5.083449869010174,0.01,151.67763494145714,151.67763494145714,75.83881747072857,0.0,High
2025-03-25,6.808080213120238,5.106060159840179,0.01,151.67763494145714,151.67763494145714,75.83881747072857,0.0,High
2025-03-26,7.349857356901485,5.512393017676114,0.0,151.67763494145714,151.67763494145714,75.83881747072857,0.0,High
2025-03-27,6.866340700059653,5.14975552504474,0.0,151.67763494145714,151.67763494145714,75.83881747072857,0.0,High
2025-03-28,7.509498964512957,5.632124223384718,0.01,151.67763494145714,151.67763494145714,75.83881747072857,0.0,High
2025-03-29,8.007875121733067,6.0059063412998,0.0,151.67763494145714,151.67763494145714,75.83881747072857,0.0,High
2025-03-30,7.933958508807418,5.9504688816055635,0.0,151.67763494145714,151.67763494145714,75.83881747072857,0.0,High
2025-03-31,7.337301624426124,5.502976218319593,0.0,151.67763494145714,151.67763494145714,75.83881747072857,0.0,High
2025-04-01,6.6823383274958745,5.011753745621906,0.0,151.67763494145714,151.67763494145714,75.83881747072857,0.0,High
2025-04-02,6.258521707864673,4.693891280898504,0.02,151.67763494145714,151.67763494145714,75.83881747072857,0.0,High
2025-04-03,5.30718274411277,3.9803870580845775,6.95,148.70802199954173,151.67763494145714,75.83881747072857,0.039156899341970794,High
2025-04-04,6.175713596336092,4.631785197252069,0.91,151.67763494145714,151.67763494145714,75.83881747072857,0.0,High
2025-04-05,6.263382844355441,4.6975371332665805,1.68,151.67763494145714,151.67763494145714,75.83881747072857,0.0,High
2025-04-06,6.609964615984422,4.957473461988316,0.0,151.67763494145714,151.67763494145714,75.83881747072857,0.0,High
2025-04-07,7.416412708066543,5.562309531049907,0.0,151.67763494145714,151.67763494145714,75.83881747072857,0.0,High
2025-04-08,7.014911014011468,5.261183260508601,0.0,151.67763494145714,151.67763494145714,75.83881747072857,0.0,High
2025-04-09,6.988295181100905,5.241221385825678,0.0,151.67763494145714,151.67763494145714,75.83881747072857,0.0,High
2025-04-10,6.139929066073284,4.604946799554963,0.78,151.67763494145714,151.67763494145714,75.83881747072857,0.0,High
2025-04-11,7.328569480548419,5.4964271104113145,2.5,151.67763494145714,151.67763494145714,75.83881747072857,0.0,High
2025-04-12,6.66586408643399,4.999398064825492,6.14,150.53703300628266,151.67763494145714,75.83881747072857,0.01503981698573721,High
2025-04-13,5.652044718197221,4.239033538647916,3.17,151.60606654493057,151.67763494145714,75.83881747072857,0.0009436908289636204,High
2025-04-14,6.110546987444286,4.582910240583214,0.85,151.67763494145714,151.67763494145714,75.83881747072857,0.0,High
2025-04-15,6.480369824062174,4.8602773680466305,0.65,151.67763494145714,151.67763494145714,75.83881747072857,0.0,High
2025-04-16,5.719343562752505,4.289507672064379,4.54,151.42714261352154,151.67763494145714,75.83881747072857,0.003302956669020924,High
2025-04-17,6.12144786460341,4.591085898452557,0.18,151.67763494145714,151.67763494145714,75.83881747072857,0.0,High
2025-04-18,5.534011350771999,4.150508513078999,0.01,151.67763494145714,151.67763494145714,75.83881747072857,0.0,High
2025-04-19,6.85968447585415,5.144763356890612,0.0,151.67763494145714,151.67763494145714,75.83881747072857,0.0,High
2025-04-20,6.707977812061414,5.03098335904606,0.5,151.67763494145714,151.67763494145714,75.83881747072857,0.0,High
2025-04-21,6.635068436238743,4.9763013271790575,0.01,151.67763494145714,151.67763494145714,75.83881747072857,0.0,High
2025-04-22,7.9511329670656705,5.963349725299253,0.0,151.67763494145714,151.67763494145714,75.83881747072857,0.0,High
2025-04-23,8.244707499269733,6.1835306244523,0.0,151.67763494145714,151.67763494145714,75.83881747072857,0.0,High
2025-04-24,8.159979967421185,6.119984975565888,0.0,151.67763494145714,151.67763494145714,75.83881747072857,0.0,High
2025-04-25,7.953865414492387,5.96539906086929,0.0,151.67763494145714,151.67763494145714,75.83881747072857,0.0,High
2025-04-26,7.312716042464293,5.48453703184822,0.01,151.67763494145714,151.67763494145714,75.83881747072857,0.0,High
2025-04-27,7.483391587842792,5.612543690882094,0.16,151.67763494145714,151.67763494145714,75.83881747072857,0.0,High
2025-04-28,7.555063844814715,5.666297883611036,0.83,151.67763494145714,151.67763494145714,75.83881747072857,0.0,High
2025-04-29,7.579881354987615,5.6849110162407115,0.0,151.67763494145714,151.67763494145714,75.83881747072857,0.0,High
2025-04-30,7.262939188428028,5.447204391321021,0.01,151.67763494145714,151.67763494145714,75.83881747072857,0.0,High
2025-05-01,6.4726103692003845,4.854457776900288,2.43,151.67763494145714,151.67763494145714,75.83881747072857,0.0,High
2025-05-02,6.783845128967745,5.087883846725809,1.92,151.67763494145714,151.67763494145714,75.83881747072857,0.0,High
2025-05-03,6.256704230330914,4.692528172748186,0.95,151.67763494145714,151.67763494145714,75.83881747072857,0.0,High
2025-05-04,6.9859957080158654,5.2394967810118995,0.26,151.67763494145714,151.67763494145714,75.83881747072857,0.0,High
2025-05-05,7.051496152118772,5.288622114089079,0.58,151.67763494145714,151.67763494145714,75.83881747072857,0.0,High
2025-05-06,6.817669707493332,5.113252280619999,1.72,151.67763494145714,151.67763494145714,75.83881747072857,0.0,High
2025-05-07,6.050728055324091,4.538046041493068,3.78,151.67763494145714,151.67763494145714,75.83881747072857,0.0,High
2025-05-08,5.196617039410595,3.897462779557946,4.74,150.83509772101507,151.67763494145714,75.83881747072857,0.011109577503199618,High
2025-05-09,6.290836315885776,4.718127236914332,2.8,151.67763494145714,151.67763494145714,75.83881747072857,0.0,High
2025-05-10,5.472326565843779,4.104244924382834,0.55,151.67763494145714,151.67763494145714,75.83881747072857,0.0,High
2025-05-11,6.148018124724228,4.611013593543171,0.17,151.67763494145714,151.67763494145714,75.83881747072857,0.0,High
2025-05-12,6.707682140939264,5.030761605704448,1.84,151.67763494145714,151.67763494145714,75.83881747072857,0.0,High
2025-05-13,5.986279946625623,4.489709959969217,5.24,150.92734490142635,151.67763494145714,75.83881747072857,0.009893219133069677,High
2025-05-14,5.6215435109593885,4.216157633219542,1.81,151.67763494145714,151.67763494145714,75.83881747072857,0.0,High
2025-05-15,5.261911466696953,3.9464336000227145,13.61,142.01406854147984,151.67763494145714,75.83881747072857,0.1274224298619521,High
2025-05-16,4.428339200840036,3.3212544006300275,10.25,135.08532294210988,151.67763494145714,75.83881747072857,0.21878389659426556,High
2025-05-17,4.6311303525693495,3.473347764427012,11.51,127.0486707065369,151.67763494145714,75.83881747072857,0.32475406469023943,High
2025-05-18,3.8717555887748327,2.9038166915811248,23.02,106.93248739811803,151.67763494145714,75.83881747072857,0.5900032336423146,High
2025-05-19,3.364522042534587,2.5233915319009403,4.59,104.86587893001897,151.67763494145714,75.83881747072857,0.6172532427672156,Medium
2025-05-20,3.640626260773855,2.7304696955803913,27.48,80.11634862559936,151.67763494145714,75.83881747072857,0.9435970747233529,Low
2025-05-21,3.9338182136527355,2.9503636602395518,3.07,79.99671228583891,151.67763494145714,75.83881747072857,0.94517458270344,Low
2025-05-22,5.009760028816571,3.7573200216124283,0.0,83.75403230745134,151.67763494145714,75.83881747072857,0.8956310883964166,Medium
2025-05-23,5.72568326379949,4.294262447849618,0.34,87.70829475530095,151.67763494145714,75.83881747072857,0.8434907389061858,Medium
2025-05-24,4.572681518674966,3.429511139006225,0.06,91.07780589430718,151.67763494145714,75.83881747072857,0.7990608380799136,Medium
2025-05-25,4.836383624834723,3.627287718626042,1.56,93.14509361293321,151.67763494145714,75.83881747072857,0.7718018724529253,Medium
2025-05-26,4.076420702355709,3.057315526766782,1.49,94.7124091397,151.67763494145714,75.83881747072857,0.7511354699556589,Medium
2025-05-27,5.480290005631018,4.110217504223264,0.19,98.63262664392326,151.67763494145714,75.83881747072857,0.6994440323124449,Medium
2025-05-28,4.787172113132311,3.590379084849233,0.46,101.7630057287725,151.67763494145714,75.83881747072857,0.6581672931800412,Medium
2025-05-29,4.78129295172134,3.5859697137910045,0.2,105.1489754425635,151.67763494145714,75.83881747072857,0.6135203718973106,Medium
2025-05-30,3.838039762572643,2.878529821929482,11.28,96.74750526449297,151.67763494145714,75.83881747072857,0.7243009781655086,Medium
2025-05-31,6.624375885590782,4.968281914193087,0.03,101.68578717868606,151.67763494145714,75.83881747072857,0.6591854861406085,Medium
2025-06-01,7.240193662892685,5.430145247169514,0.0,107.11593242585558,151.67763494145714,75.83881747072857,0.5875843532607955,High
2025-06-02,7.019936306831316,5.2649522301234875,0.26,112.12088465597905,151.67763494145714,75.83881747072857,0.5215897558100212,High
2025-06-03,5.906517347902705,4.429888010927028,0.29,116.26077266690608,151.67763494145714,75.83881747072857,0.4670017737054098,High
2025-06-04,6.2474671713329055,4.685600378499679,0.1,120.84637304540576,151.67763494145714,75.83881747072857,0.40653669089647,High
2025-06-05,6.641084324782418,4.980813243586813,0.05,125.77718628899257,151.67763494145714,75.83881747072857,0.34151967971364194,High
2025-06-06,5.811263537157068,4.358447652867801,0.62,129.51563394186036,151.67763494145714,75.83881747072857,0.2922250338113543,High
2025-06-07,5.672587732128297,4.254440799096223,0.68,133.09007474095657,151.67763494145714,75.83881747072857,0.24509295925763608,High
2025-06-08,5.339515719950667,4.0046367899629995,1.73,135.36471153091958,151.67763494145714,75.83881747072857,0.21509991788616492,High
2025-06-09,5.246216634591477,3.9346624759436075,2.04,137.2593740068632,151.67763494145714,75.83881747072857,0.19011716447397067,High
2025-06-10,5.013113578390639,3.7598351837929793,6.51,134.50920919065618,151.67763494145714,75.83881747072857,0.2263804516391285,High
2025-06-11,3.914177466886637,2.935633100164978,2.2,135.24484229082117,151.67763494145714,75.83881747072857,0.2166804968574111,High
2025-06-12,4.6749079037588634,3.5061809278191474,6.05,132.7010232186403,151.67763494145714,75.83881747072857,0.2502229380111474,High
2025-06-13,4.1072264865379395,3.0804198649034547,2.73,133.05144308354377,151.67763494145714,75.83881747072857,0.24560235086870258,High
2025-06-14,4.143681262711377,3.107760947033533,1.19,134.96920403057732,151.67763494145714,75.83881747072857,0.22031502425955893,High
2025-06-15,4.428880216776195,3.321660162582146,0.96,137.33086419315944,151.67763494145714,75.83881747072857,0.18917450491412408,High
2025-06-16,5.298763460178023,3.974072595133517,0.0,141.30493678829296,151.67763494145714,75.83881747072857,0.1367729416029953,High
2025-06-17,5.904337886563158,4.428253414922368,0.71,145.02319020321534,151.67763494145714,75.83881747072857,0.08774457408714496,High
2025-06-18,5.884083723383102,4.4130627925373265,0.16,149.27625299575266,151.67763494145714,75.83881747072857,0.0316642852010627,High
2025-06-19,5.569278355072943,4.176958766304708,0.03,151.67763494145714,151.67763494145714,75.83881747072857,0.0,High
2025-06-20,6.1795124983617145,4.634634373771286,0.47,151.67763494145714,151.67763494145714,75.83881747072857,0.0,High
2025-06-21,6.105514535839594,4.579135901879695,0.02,151.67763494145714,151.67763494145714,75.83881747072857,0.0,High
2025-06-22,5.2948074583304505,3.971105593747838,1.52,151.67763494145714,151.67763494145714,75.83881747072857,0.0,High
2025-06-23,6.329331241399585,4.746998431049688,0.05,151.67763494145714,151.67763494145714,75.83881747072857,0.0,High
2025-06-24,6.494617707354117,4.870963280515588,0.0,151.67763494145714,151.67763494145714,75.83881747072857,0.0,High
2025-06-25,4.7793899996262,3.5845424997196496,0.32,151.67763494145714,151.67763494145714,75.83881747072857,0.0,High
2025-06-26,4.895706319238882,3.6717797394291614,0.08,151.67763494145714,151.67763494145714,75.83881747072857,0.0,High
2025-06-27,6.039191271712951,4.529393453784713,0.22,151.67763494145714,151.67763494145714,75.83881747072857,0.0,High
2025-06-28,5.595900398127078,4.196925298595309,0.06,151.67763494145714,151.67763494145714,75.83881747072857,0.0,High
2025-06-29,6.605648558569472,4.954236418927104,0.0,151.67763494145714,151.67763494145714,75.83881747072857,0.0,High
2025-06-30,5.931260724735121,4.44844554355134,0.27,151.67763494145714,151.67763494145714,75.83881747072857,0.0,High
2025-07-01,4.809681506337691,3.6072611297532684,0.03,151.67763494145714,151.67763494145714,75.83881747072857,0.0,High
2025-07-02,5.519672603871249,4.1397544529034365,0.68,151.67763494145714,151.67763494145714,75.83881747072857,0.0,High
2025-07-03,6.297799413723671,4.723349560292753,0.91,151.67763494145714,151.67763494145714,75.83881747072857,0.0,High
2025-07-04,6.844756902663513,5.133567676997635,0.01,151.67763494145714,151.67763494145714,75.83881747072857,0.0,High
2025-07-05,7.065666866023994,5.299250149517995,0.02,151.67763494145714,151.67763494145714,75.83881747072857,0.0,High
2025-07-06,6.421589897725576,4.816192423294182,0.22,151.67763494145714,151.67763494145714,75.83881747072857,0.0,High
2025-07-07,5.958225089106054,4.46866881682954,0.01,151.67763494145714,151.67763494145714,75.83881747072857,0.0,High
2025-07-08,6.868867578929475,5.151650684197106,0.4,151.67763494145714,151.67763494145714,75.83881747072857,0.0,High
2025-07-09,6.572186563567026,4.92913992267527,0.01,151.67763494145714,151.67763494145714,75.83881747072857,0.0,High
2025-07-10,6.266960847723847,4.700220635792885,0.54,151.67763494145714,151.67763494145714,75.83881747072857,0.0,High
2025-07-11,6.621756286867864,4.966317215150898,0.82,151.67763494145714,151.67763494145714,75.83881747072857,0.0,High
2025-07-12,6.081821363296644,4.561366022472483,1.15,151.67763494145714,151.67763494145714,75.83881747072857,0.0,High
2025-07-13,6.07585978365274,4.556894837739556,3.77,151.67763494145714,151.67763494145714,75.83881747072857,0.0,High
2025-07-14,5.394538340397768,4.045903755298326,0.4,151.67763494145714,151.67763494145714,75.83881747072857,0.0,High
2025-07-15,5.8568170348777935,4.392612776158345,0.03,151.67763494145714,151.67763494145714,75.83881747072857,0.0,High
2025-07-16,5.2766295358301045,3.9574721518725786,10.23,145.40510709332972,151.67763494145714,75.83881747072857,0.08270867159220179,High
2025-07-17,4.473755307136555,3.3553164803524163,20.48,128.28042357368213,151.67763494145714,75.83881747072857,0.30851234431240454,High
2025-07-18,3.9948016010581093,2.996101200793582,4.03,127.24652477447572,151.67763494145714,75.83881747072857,0.3221451887275415,High
2025-07-19,4.182526957875894,3.136895218406921,6.72,123.66341999288264,151.67763494145714,75.83881747072857,0.369391505338109,High
2025-07-20,4.9734293851108315,3.7300720388331237,8.06,119.33349203171576,151.67763494145714,75.83881747072857,0.42648532754647994,High
2025-07-21,3.8308001680733352,2.8731001260550015,13.37,108.83659215777077,151.67763494145714,75.83881747072857,0.5648959756027536,High
2025-07-22,5.27357639309878,3.955182294824085,0.8,111.99177445259485,151.67763494145714,75.83881747072857,0.5232921848257959,High
2025-07-23,4.710653453858607,3.5329900903939553,1.34,114.1847645429888,151.67763494145714,75.83881747072857,0.4943757253722927,High
2025-07-24,4.761091853472968,3.570818890104726,1.19,116.56558343309354,151.67763494145714,75.83881747072857,0.46298258173547824,High
2025-07-25,4.758968214678791,3.5692261610090927,0.89,119.24480959410263,151.67763494145714,75.83881747072857,0.42765468171853516,High
2025-07-26,5.129858751950666,3.8473940639629993,0.3,122.79220365806563,151.67763494145714,75.83881747072857,0.3808792416171361,High
2025-07-27,5.708200032784543,4.281150024588407,0.01,127.06335368265404,151.67763494145714,75.83881747072857,0.32456045702853226,High
2025-07-28,5.597440617948716,4.198080463461537,0.02,131.24143414611558,151.67763494145714,75.83881747072857,0.2694688746067184,High
2025-07-29,5.92955687686553,4.447167657649148,0.05,135.63860180376471,151.67763494145714,75.83881747072857,0.21148843920045293,High
2025-07-30,6.283341920239137,4.712506440179353,0.01,140.34110824394406,151.67763494145714,75.83881747072857,0.14948184947488966,High
2025-07-31,5.191489662864989,3.8936172471487422,0.02,144.2147254910928,151.67763494145714,75.83881747072857,0.0984048762791535,High
2025-08-01,5.56880654523681,4.176604908927607,0.03,148.3613304000204,151.67763494145714,75.83881747072857,0.043728326100505734,High
2025-08-02,5.0717277593175245,3.803795819488143,0.56,151.60512621950852,151.67763494145714,75.83881747072857,0.0009560898279645354,High
2025-08-03,3.8208020989974965,2.8656015742481222,9.84,144.63072779375665,151.67763494145714,75.83881747072857,0.0929195283196548,High
2025-08-04,3.879492928892997,2.909619696669748,7.64,139.9003474904264,151.67763494145714,75.83881747072857,0.1552936588914562,High
2025-08-05,4.253006798497346,3.1897550988730092,6.23,136.86010258929943,151.67763494145714,75.83881747072857,0.19538190133142333,High
2025-08-06,4.17812940943984,3.1335970570798795,9.61,130.3836996463793,151.67763494145714,75.83881747072857,0.28077884130111375,High
2025-08-07,4.311227862110778,3.2334208965830835,3.23,130.38712054296238,151.67763494145714,75.83881747072857,0.2807337338390362,High
2025-08-08,3.4665039993022493,2.599877999476687,31.86,101.12699854243907,151.67763494145714,75.83881747072857,0.6665535946486646,Medium
2025-08-09,3.536560932462158,2.652420699346618,3.6,100.1794192417857,151.67763494145714,75.83881747072857,0.6790482422744548,Medium
2025-08-10,2.988371163599357,2.241278372699518,24.94,77.48069761448521,151.67763494145714,75.83881747072857,0.978350398931387,Low
2025-08-11,3.2226486817610906,2.416986511320818,3.47,76.42768412580602,151.67763494145714,75.83881747072857,0.9922352869583609,Low
2025-08-12,3.3474816065251924,2.510611204893894,3.17,75.76829533069991,151.67763494145714,75.83881747072857,1.0,Low
2025-08-13,2.9143425286954265,2.18575689652157,2.3,75.65405222722148,151.67763494145714,75.83881747072857,1.0,Low
2025-08-14,4.049195906547987,3.0368969299109905,3.27,75.42094915713248,151.67763494145714,75.83881747072857,1.0,Low
2025-08-15,4.42858711574608,3.3214403368095597,3.51,75.23238949394204,151.67763494145714,75.83881747072857,1.0,Low
2025-08-16,3.9504482537035983,2.9628361902776987,5.94,72.25522568421974,151.67763494145714,75.83881747072857,1.0,Low
2025-08-17,3.1017848995590387,2.326338674669279,7.67,66.91156435888901,151.67763494145714,75.83881747072857,1.0,Low
2025-08-18,3.6059045532651477,2.7044284149488607,1.34,68.27599277383787,151.67763494145714,75.83881747072857,1.0,Low
2025-08-19,4.441765208118677,3.3313239060890076,0.25,71.35731667992688,151.67763494145714,75.83881747072857,1.0,Low
2025-08-20,4.483731352560289,3.362798514420217,0.4,74.3201151943471,151.67763494145714,75.83881747072857,1.0,Low
2025-08-21,4.368971869068262,3.2767289018011967,0.69,76.90684409614829,151.67763494145714,75.83881747072857,0.9859171508596908,Low
2025-08-22,4.3101614760559395,3.232621107041955,3.57,76.56946520319025,151.67763494145714,75.83881747072857,0.9903657815769124,Low
2025-08-23,3.774163948286282,2.8306229612147114,8.89,70.51008816440496,151.67763494145714,75.83881747072857,1.0,Low
2025-08-24,5.401119607733134,4.05083970579985,0.03,74.5309278702048,151.67763494145714,75.83881747072857,1.0,Low
2025-08-25,4.514377940068721,3.385783455051541,0.0,77.91671132525634,151.67763494145714,75.83881747072857,0.9726011833540288,Low
2025-08-26,4.8320693396765,3.6240520047573748,0.11,81.43076333001372,151.67763494145714,75.83881747072857,0.9262653869643542,Low
2025-08-27,3.896920795490456,2.922690596617842,2.3,82.05345392663156,151.67763494145714,75.83881747072857,0.9180546761781768,Low
2025-08-28,4.56099862689899,3.420748970174243,3.98,81.4942028968058,151.67763494145714,75.83881747072857,0.9254288817430463,Low
2025-08-29,4.529708312957713,3.3972812347182852,0.62,84.27148413152409,151.67763494145714,75.83881747072857,0.8888080412903291,Medium
2025-08-30,4.555219464391882,3.416414598293912,3.52,84.167898729818,151.67763494145714,75.83881747072857,0.8901739038546559,Medium
2025-08-31,4.573155000242516,3.4298662501818873,3.01,84.58776497999989,151.67763494145714,75.83881747072857,0.8846376064256521,Medium
2025-09-01,4.013062088489651,3.009796566367238,3.02,84.57756154636714,151.67763494145714,75.83881747072857,0.8847721474690524,Medium
2025-09-02,4.014422952559622,3.0108172144197165,8.1,79.48837876078686,151.67763494145714,75.83881747072857,0.9518773971987775,Low
2025-09-03,4.190999927623266,3.143249945717449,3.3,79.3316287065043,151.67763494145714,75.83881747072857,0.9539442814080817,Low
2025-09-04,4.846888482242267,3.6351663616817005,0.23,82.736795068186,151.67763494145714,75.83881747072857,0.9090442358213215,Low
2025-09-05,4.698617207730979,3.523962905798234,0.08,86.18075797398423,151.67763494145714,75.83881747072857,0.8636326244505681,Medium
2025-09-06,4.875168011507224,3.656376008630418,2.22,87.61713398261465,151.67763494145714,75.83881747072857,0.8446927720565772,Medium
2025-09-07,4.739661724393143,3.554746293294857,2.47,88.7018802759095,151.67763494145714,75.83881747072857,0.8303894597229753,Medium
2025-09-08,4.982307852432855,3.736730889324641,0.54,91.89861116523414,151.67763494145714,75.83881747072857,0.7882378150120266,Medium
2025-09-09,4.380795373985021,3.2855965304887658,0.1,95.08420769572291,151.67763494145714,75.83881747072857,0.746232986393512,Medium
2025-09-10,4.005405608546842,3.0040542064101317,12.38,85.70826190213305,151.67763494145714,75.83881747072857,0.8698628913192934,Medium
2025-09-11,3.2618206995592796,2.4463655246694596,6.57,81.58462742680251,151.67763494145714,75.83881747072857,0.9242365565853972,Low
2025-09-12,3.543943567407998,2.6579576755559984,0.5,83.7425851023585,151.67763494145714,75.83881747072857,0.8957820296356738,Medium
2025-09-13,2.8735989758250624,2.1551992318687967,2.46,83.4377843342273,151.67763494145714,75.83881747072857,0.8998010897726393,Medium
2025-09-14,3.9544483085363495,2.965836231402262,0.43,85.97362056562956,151.67763494145714,75.83881747072857,0.866363909236682,Medium
2025-09-15,4.230681377292906,3.1730110329696792,8.02,81.12663159859925,151.67763494145714,75.83881747072857,0.9302756252771003,Low
2025-09-16,3.546153936291748,2.659615452218811,23.42,60.36624705081805,151.67763494145714,75.83881747072857,1.0,Low
2025-09-17,2.976995345646898,2.2327465092351733,18.87,43.728993560053226,151.67763494145714,75.83881747072857,1.0,Low
2025-09-18,3.3685181492799288,2.5263886119599466,18.19,28.065382172013173,151.67763494145714,75.83881747072857,1.0,Low
2025-09-19,3.6489995384256666,2.73674965381925,23.71,7.092131825832422,151.67763494145714,75.83881747072857,1.0,Low
2025-09-20,3.278035463513479,2.4585265976351094,1.1,8.45065842346753,151.67763494145714,75.83881747072857,1.0,Low
2025-09-21,3.409568862071783,2.5571766465538373,6.68,4.327835070021368,151.67763494145714,75.83881747072857,1.0,Low
2025-09-22,3.5049845011343153,2.6287383758507366,3.25,3.7065734458721042,151.67763494145714,75.83881747072857,1.0,Low
2025-09-23,3.3081856182821943,2.4811392137116455,0.33,5.85771265958375,151.67763494145714,75.83881747072857,1.0,Low
2025-09-24,3.4215875839737606,2.5661906879803205,0.46,7.96390334756407,151.67763494145714,75.83881747072857,1.0,Low
2025-09-25,4.035248333855747,3.02643625039181,2.13,8.86033959795588,151.67763494145714,75.83881747072857,1.0,Low
2025-09-26,3.7597873461916476,2.819840509643736,0.74,10.940180107599616,151.67763494145714,75.83881747072857,1.0,Low
2025-09-27,3.937211000278019,2.952908250208514,0.56,13.33308835780813,151.67763494145714,75.83881747072857,1.0,Low
2025-09-28,4.18510725018741,3.138830437640557,0.45,16.021918795448688,151.67763494145714,75.83881747072857,1.0,Low
2025-09-29,4.335875741662294,3.2519068062467205,0.16,19.113825601695407,151.67763494145714,75.83881747072857,1.0,Low
2025-09-30,3.7557334307842516,2.8168000730881886,0.02,21.910625674783596,151.67763494145714,75.83881747072857,1.0,Low
2025-10-01,4.058651525656329,3.043988644242247,0.04,24.914614319025844,151.67763494145714,75.83881747072857,1.0,Low
2025-10-02,4.228881112704588,3.171660834528441,1.2,26.886275153554287,151.67763494145714,75.83881747072857,1.0,Low
2025-10-03,4.3573236067172205,3.2679927050379156,13.99,16.164267858592204,151.67763494145714,75.83881747072857,1.0,Low
2025-10-04,2.7626528182476644,2.0719896136857483,0.89,17.34625747227795,151.67763494145714,75.83881747072857,1.0,Low
2025-10-05,4.3852726694468265,3.2889545020851196,13.02,7.6152119743630715,151.67763494145714,75.83881747072857,1.0,Low
2025-10-06,3.7974145530120933,2.84806091475907,1.24,9.223272889122141,151.67763494145714,75.83881747072857,1.0,Low
2025-10-07,4.081985721825717,3.0614892913692877,0.11,12.17476218049143,151.67763494145714,75.83881747072857,1.0,Low
2025-10-08,2.8789567633461903,2.1592175725096427,6.63,7.703979753001072,151.67763494145714,75.83881747072857,1.0,Low
2025-10-09,3.5658603198164642,2.6743952398623483,5.12,5.25837499286342,151.67763494145714,75.83881747072857,1.0,Low
2025-10-10,3.5243712130552334,2.6432784097914253,21.81,0.0,151.67763494145714,75.83881747072857,1.0,Low
2025-10-11,3.139032140971319,2.3542741057284893,11.35,0.0,151.67763494145714,75.83881747072857,1.0,Low
2025-10-12,3.9838974653715353,2.9879230990286514,3.61,0.0,151.67763494145714,75.83881747072857,1.0,Low
2025-10-13,3.176113464181352,2.382085098136014,2.19,0.19208509813601404,151.67763494145714,75.83881747072857,1.0,Low
2025-10-14,3.270830488642193,2.4531228664816447,2.7,0.0,151.67763494145714,75.83881747072857,1.0,Low
2025-10-15,3.0672396259715375,2.300429719478653,0.93,1.3704297194786528,151.67763494145714,75.83881747072857,1.0,Low
2025-10-16,2.54860445186555,1.9114533388991624,5.69,0.0,151.67763494145714,75.83881747072857,1.0,Low
2025-10-17,2.579245745695138,1.9344343092713534,7.14,0.0,151.67763494145714,75.83881747072857,1.0,Low
2025-10-18,2.558237379985229,1.9186780349889219,8.14,0.0,151.67763494145714,75.83881747072857,1.0,Low
2025-10-19,3.338537196884676,2.503902897663507,0.86,1.6439028976635073,151.67763494145714,75.83881747072857,1.0,Low
2025-10-20,3.0205174301685687,2.2653880726264264,4.37,0.0,151.67763494145714,75.83881747072857,1.0,Low
2025-10-21,1.8042802746215811,1.353210205966186,26.61,0.0,151.67763494145714,75.83881747072857,1.0,Low
2025-10-22,1.7068403988306442,1.280130299122983,13.97,0.0,151.67763494145714,75.83881747072857,1.0,Low
2025-10-23,2.7699035740568196,2.077427680542615,15.74,0.0,151.67763494145714,75.83881747072857,1.0,Low
2025-10-24,2.4964970569552647,1.8723727927164484,8.86,0.0,151.67763494145714,75.83881747072857,1.0,Low
2025-10-25,3.4229281816409824,2.567196136230737,1.28,1.287196136230737,151.67763494145714,75.83881747072857,1.0,Low
2025-10-26,3.1116900269852295,2.333767520238922,3.0,0.620963656469659,151.67763494145714,75.83881747072857,1.0,Low
2025-10-27,1.7132027364085656,1.2849020523064243,8.37,0.0,151.67763494145714,75.83881747072857,1.0,Low
2025-10-28,1.6416415514015168,1.2312311635511377,10.66,0.0,151.67763494145714,75.83881747072857,1.0,Low
2025-10-29,3.55690400024159,2.6676780001811924,1.02,1.6476780001811924,151.67763494145714,75.83881747072857,1.0,Low
2025-10-30,4.051130055466242,3.0383475415996815,0.01,4.676025541780874,151.67763494145714,75.83881747072857,1.0,Low
2025-10-31,4.275141138183653,3.2063558536377395,0.0,7.882381395418613,151.67763494145714,75.83881747072857,1.0,Low
2025-11-01,3.7949903159729943,2.846242736979746,0.0,10.728624132398359,151.67763494145714,75.83881747072857,1.0,Low
2025-11-02,3.0736598298478084,2.305244872385856,0.0,13.033869004784215,151.67763494145714,75.83881747072857,1.0,Low
2025-11-03,3.267908695917009,2.4509315219377568,0.8,14.684800526721972,151.67763494145714,75.83881747072857,1.0,Low
2025-11-04,2.517275224546922,1.8879564184101916,0.55,16.022756945132162,151.67763494145714,75.83881747072857,1.0,Low
2025-11-05,2.7413960141094336,2.056047010582075,3.15,14.928803955714237,151.67763494145714,75.83881747072857,1.0,Low
2025-11-06,1.9965955356414433,1.4974466517310825,12.05,4.376250607445319,151.67763494145714,75.83881747072857,1.0,Low
2025-11-07,3.00862874507353,2.2564715588051474,1.34,5.292722166250466,151.67763494145714,75.83881747072857,1.0,Low
2025-11-08,3.292092566136488,2.469069424602366,0.0,7.761791590852832,151.67763494145714,75.83881747072857,1.0,Low
2025-11-09,3.316676577769704,2.487507433327278,0.0,10.249299024180111,151.67763494145714,75.83881747072857,1.0,Low
2025-11-10,3.3022312162800866,2.476673412210065,0.0,12.725972436390176,151.67763494145714,75.83881747072857,1.0,Low
2025-11-11,3.191010443322318,2.3932578324917384,0.0,15.119230268881914,151.67763494145714,75.83881747072857,1.0,Low
2025-11-12,2.9895798752966782,2.2421849064725086,0.0,17.361415175354423,151.67763494145714,75.83881747072857,1.0,Low
2025-11-13,2.8041527497699907,2.103114562327493,0.01,19.454529737681916,151.67763494145714,75.83881747072857,1.0,Low
2025-11-14,2.8793245077353684,2.159493380801526,0.0,21.61402311848344,151.67763494145714,75.83881747072857,1.0,Low
2025-11-15,2.7996086176310224,2.0997064632232667,0.0,23.71372958170671,151.67763494145714,75.83881747072857,1.0,Low
2025-11-16,2.25714990748655,1.6928624306149125,0.05,25.35659201232162,151.67763494145714,75.83881747072857,1.0,Low
2025-11-17,2.5951862745065393,1.9463897058799045,0.36,26.942981718201526,151.67763494145714,75.83881747072857,1.0,Low
2025-11-18,1.6892981858297018,1.2669736393722764,5.37,22.839955357573803,151.67763494145714,75.83881747072857,1.0,Low
2025-11-19,2.676698465939455,2.007523849454591,0.63,24.217479207028397,151.67763494145714,75.83881747072857,1.0,Low
2025-11-20,3.3488972350562833,2.5116729262922126,0.07,26.65915213332061,151.67763494145714,75.83881747072857,1.0,Low
2025-11-21,2.1262774678611156,1.5947081008958368,7.41,20.843860234216447,151.67763494145714,75.83881747072857,1.0,Low
2025-11-22,2.3705525719210225,1.777914428940767,3.83,18.791774663157213,151.67763494145714,75.83881747072857,1.0,Low
2025-11-23,2.130937588921853,1.5982031916913897,2.23,18.159977854848602,151.67763494145714,75.83881747072857,1.0,Low
2025-11-24,2.7213561346786883,2.0410171010090163,0.66,19.54099495585762,151.67763494145714,75.83881747072857,1.0,Low
2025-11-25,2.5027801689080404,1.8770851266810302,0.0,21.41808008253865,151.67763494145714,75.83881747072857,1.0,Low
2025-11-26,2.6989142200547684,2.0241856650410766,0.0,23.44226574757973,151.67763494145714,75.83881747072857,1.0,Low
2025-11-27,2.5328982215386655,1.899673666153999,0.0,25.341939413733726,151.67763494145714,75.83881747072857,1.0,Low
2025-11-28,2.3795885175831346,1.784691388187351,0.01,27.116630801921076,151.67763494145714,75.83881747072857,1.0,Low
2025-11-29,1.502151438206342,1.1266135786547564,3.68,24.56324438057583,151.67763494145714,75.83881747072857,1.0,Low
2025-11-30,1.2685746003453804,0.9514309502590352,6.39,19.124675330834865,151.67763494145714,75.83881747072857,1.0,Low
2025-12-01,1.7315206791051008,1.2986405093288256,3.39,17.03331584016369,151.67763494145714,75.83881747072857,1.0,Low
2025-12-02,1.7221294600238195,1.2915970950178646,6.06,12.264912935181558,151.67763494145714,75.83881747072857,1.0,Low
2025-12-03,1.9303113557998905,1.447733516849918,2.26,11.452646452031477,151.67763494145714,75.83881747072857,1.0,Low
2025-12-04,2.255661359516948,1.6917460196377112,7.52,5.624392471669188,151.67763494145714,75.83881747072857,1.0,Low
2025-12-05,2.1450487653635366,1.6087865740226523,0.62,6.61317904569184,151.67763494145714,75.83881747072857,1.0,Low
2025-12-06,2.608940635544468,1.9567054766583512,0.0,8.569884522350192,151.67763494145714,75.83881747072857,1.0,Low
2025-12-07,2.47093409633359,1.8532005722501927,0.0,10.423085094600385,151.67763494145714,75.83881747072857,1.0,Low
2025-12-08,2.984312839244408,2.2382346294333058,0.0,12.66131972403369,151.67763494145714,75.83881747072857,1.0,Low
2025-12-09,2.881128133435571,2.1608461000766783,0.0,14.82216582411037,151.67763494145714,75.83881747072857,1.0,Low
2025-12-10,3.06271696871681,2.2970377265376074,0.0,17.119203550647978,151.67763494145714,75.83881747072857,1.0,Low
2025-12-11,2.9613506295043126,2.2210129721282343,0.0,19.340216522776213,151.67763494145714,75.83881747072857,1.0,Low
2025-12-12,3.0650002893955675,2.298750217046676,0.0,21.63896673982289,151.67763494145714,75.83881747072857,1.0,Low
2025-12-13,3.0847067496491842,2.313530062236888,0.0,23.95249680205978,151.67763494145714,75.83881747072857,1.0,Low
2025-12-14,3.0059351176062523,2.254451338204689,0.0,26.20694814026447,151.67763494145714,75.83881747072857,1.0,Low
2025-12-15,3.0682946774444066,2.301221008083305,0.0,28.508169148347775,151.67763494145714,75.83881747072857,1.0,Low
2025-12-16,1.9262222673114417,1.4446667004835814,0.23,29.722835848831355,151.67763494145714,75.83881747072857,1.0,Low
2025-12-17,3.153604686579912,2.365203514934934,0.03,32.05803936376629,151.67763494145714,75.83881747072857,1.0,Low
2025-12-18,2.786293464056564,2.089720098042423,0.0,34.14775946180871,151.67763494145714,75.83881747072857,1.0,Low
2025-12-19,2.80068472413472,2.10051354310104,0.0,36.24827300490975,151.67763494145714,75.83881747072857,1.0,Low
2025-12-20,2.6790291277692293,2.009271845826922,0.0,38.25754485073667,151.67763494145714,75.83881747072857,1.0,Low
2025-12-21,2.5884726925774437,1.9413545194330828,0.0,40.198899370169755,151.67763494145714,75.83881747072857,1.0,Low
2025-12-22,2.3670684969328777,1.7753013726996583,0.0,41.974200742869414,151.67763494145714,75.83881747072857,1.0,Low
2025-12-23,2.8447126211804594,2.1335344658853446,0.0,44.10773520875476,151.67763494145714,75.83881747072857,1.0,Low
2025-12-24,2.745360394752629,2.059020296064472,0.0,46.166755504819236,151.67763494145714,75.83881747072857,1.0,Low
2025-12-25,2.9839718702127893,2.237978902659592,0.0,48.40473440747883,151.67763494145714,75.83881747072857,1.0,Low
2025-12-26,3.061766715594257,2.296325036695693,0.0,50.70105944417452,151.67763494145714,75.83881747072857,1.0,Low
2025-12-27,3.114340122453893,2.33575509184042,0.0,53.03681453601494,151.67763494145714,75.83881747072857,1.0,Low
2025-12-28,2.9166738685043523,2.187505401378264,0.0,55.224319937393204,151.67763494145714,75.83881747072857,1.0,Low
2025-12-29,2.8878368156580083,2.165877611743506,0.0,57.39019754913671,151.67763494145714,75.83881747072857,1.0,Low
2025-12-30,3.0944653097134482,2.320848982285086,0.0,59.71104653142179,151.67763494145714,75.83881747072857,1.0,Low
2025-12-31,2.9703906326496017,2.227792974487201,0.08,61.858839505908996,151.67763494145714,75.83881747072857,1.0,Low
2026-01-01,2.3036124373556284,1.7277093280167213,0.05,63.53654883392572,151.67763494145714,75.83881747072857,1.0,Low
2026-01-02,2.8070585917292488,2.1052939437969367,0.0,65.64184277772266,151.67763494145714,75.83881747072857,1.0,Low
2026-01-03,3.1092422038337193,2.3319316528752894,0.0,67.97377443059794,151.67763494145714,75.83881747072857,1.0,Low
2026-01-04,3.174397018892697,2.3807977641695226,0.0,70.35457219476747,151.67763494145714,75.83881747072857,1.0,Low
2026-01-05,3.0667762104462333,2.300082157834675,0.0,72.65465435260215,151.67763494145714,75.83881747072857,1.0,Low
2026-01-06,2.6275972106479055,1.970697907985929,0.06,74.56535226058807,151.67763494145714,75.83881747072857,1.0,Low
2026-01-07,3.2735166943623444,2.4551375207717583,0.01,77.01048978135982,151.67763494145714,75.83881747072857,0.9845504934055244,Low
2026-01-08,3.1897573012473077,2.3923179759354807,0.0,79.4028077572953,151.67763494145714,75.83881747072857,0.9530057244373262,Low
2026-01-09,2.9404156807769235,2.205311760582693,0.0,81.608119517878,151.67763494145714,75.83881747072857,0.9239267931705792,Low
2026-01-10,2.258034972080699,1.6935262290605242,0.1,83.20164574693852,151.67763494145714,75.83881747072857,0.9029147800326426,Low
2026-01-11,2.2071925664179464,1.6553944248134598,0.26,84.59704017175198,151.67763494145714,75.83881747072857,0.8845153050493725,Medium
2026-01-12,2.3327936662450854,1.749595249683814,0.46,85.8866354214358,151.67763494145714,75.83881747072857,0.867510883135996,Medium
2026-01-13,2.9685361427643358,2.226402107073252,0.04,88.07303752850905,151.67763494145714,75.83881747072857,0.8386812919056589,Medium
2026-01-14,3.6496193868342943,2.737214540125721,0.0,90.81025206863477,151.67763494145714,75.83881747072857,0.802588765262793,Medium
2026-01-15,3.651120172323651,2.7383401292427383,0.0,93.54859219787751,151.67763494145714,75.83881747072857,0.7664813967598537,Medium
2026-01-16,3.5201476441082233,2.6401107330811673,0.0,96.18870293095868,151.67763494145714,75.83881747072857,0.7316692672840721,Medium
2026-01-17,3.620826015942202,2.7156195119566515,0.0,98.90432244291533,151.67763494145714,75.83881747072857,0.6958614896508727,Medium
2026-01-18,3.87468893232863,2.9060166992464724,0.0,101.81033914216181,151.67763494145714,75.83881747072857,0.657543161436326,Medium
2026-01-19,4.0463459858924224,3.034759489419317,0.0,104.84509863158112,151.67763494145714,75.83881747072857,0.6175272488650277,Medium
2026-01-20,3.868542897977973,2.90140717348348,0.0,107.7465058050646,151.67763494145714,75.83881747072857,0.5792697012100511,High
2026-01-21,3.7257394425068955,2.7943045818801715,0.0,110.54081038694477,151.67763494145714,75.83881747072857,0.5424243932916004,High
2026-01-22,3.817300404459303,2.862975303344477,0.0,113.40378569028925,151.67763494145714,75.83881747072857,0.5046736028807465,High
2026-01-23,3.5583543824320985,2.668765786824074,0.01,116.06255147711332,151.67763494145714,75.83881747072857,0.4696154904853328,High
2026-01-24,2.391874107092643,1.793905580319482,0.34,117.5164570574328,151.67763494145714,75.83881747072857,0.45044449562006283,High
2026-01-25,2.6152922102017753,1.9614691576513315,2.12,117.35792621508413,151.67763494145714,75.83881747072857,0.4525348610507983,High
2026-01-26,2.3497853459685616,1.7623390094764213,1.63,117.49026522456056,151.67763494145714,75.83881747072857,0.45078985745119043,High
2026-01-27,3.8424599502123518,2.881844962659264,0.12,120.25211018721981,151.67763494145714,75.83881747072857,0.41437255751471347,High
2026-01-28,3.8119996630870387,2.858999747315279,0.0,123.1111099345351,151.67763494145714,75.83881747072857,0.376674188227524,High
2026-01-29,3.5628139718710976,2.672110478903323,0.0,125.78322041343841,151.67763494145714,75.83881747072857,0.3414401145958423,High
2026-01-30,4.076286393874969,3.0572147954062263,0.0,128.84043520884464,151.67763494145714,75.83881747072857,0.30112810951234775,High
2026-01-31,4.215646516788322,3.1617348875912414,0.0,132.0021700964359,151.67763494145714,75.83881747072857,0.2594379171670942,High
2026-02-01,3.854604717787053,2.89095353834029,0.0,134.89312363477617,151.67763494145714,75.83881747072857,0.22131820967750807,High
2026-02-02,3.7780480069691933,2.833536005226895,0.0,137.72665964000308,151.67763494145714,75.83881747072857,0.18395560171858835,High
2026-02-03,4.049654650539889,3.0372409879049167,0.0,140.763900627908,151.67763494145714,75.83881747072857,0.14390696845664186,High
2026-02-04,4.3150485092257815,3.236286381919336,0.0,144.00018700982733,151.67763494145714,75.83881747072857,0.10123375057361714,High
2026-02-05,4.346438209692225,3.259828657269169,0.0,147.2600156670965,151.67763494145714,75.83881747072857,0.058250107552978526,High
2026-02-06,4.401094980162146,3.3008212351216093,0.0,150.5608369022181,151.67763494145714,75.83881747072857,0.014725942155810624,High
2026-02-07,4.562291395286896,3.421718546465172,0.0,151.67763494145714,151.67763494145714,75.83881747072857,0.0,High
2026-02-08,4.7373467644839975,3.553010073362998,0.0,151.67763494145714,151.67763494145714,75.83881747072857,0.0,High
2026-02-09,4.494993949041282,3.3712454617809615,0.0,151.67763494145714,151.67763494145714,75.83881747072857,0.0,High
2026-02-10,4.256617594035461,3.192463195526596,0.0,151.67763494145714,151.67763494145714,75.83881747072857,0.0,High
2026-02-11,4.415293602070292,3.3114702015527193,0.0,151.67763494145714,151.67763494145714,75.83881747072857,0.0,High
2026-02-12,4.664942439988389,3.4987068299912916,0.0,151.67763494145714,151.67763494145714,75.83881747072857,0.0,High
2026-02-13,5.213961000539729,3.910470750404797,0.0,151.67763494145714,151.67763494145714,75.83881747072857,0.0,High
2026-02-14,4.963070728896996,3.722303046672747,0.0,151.67763494145714,151.67763494145714,75.83881747072857,0.0,High
2026-02-15,5.026328461906501,3.7697463464298755,0.0,151.67763494145714,151.67763494145714,75.83881747072857,0.0,High
2026-02-16,5.131335330811855,3.8485014981088916,0.0,151.67763494145714,151.67763494145714,75.83881747072857,0.0,High
2026-02-17,4.944361890858226,3.70827141814367,0.0,151.67763494145714,151.67763494145714,75.83881747072857,0.0,High
2026-02-18,4.693112848124102,3.5198346360930763,0.0,151.67763494145714,151.67763494145714,75.83881747072857,0.0,High
2026-02-19,5.080310601641315,3.8102329512309865,0.0,151.67763494145714,151.67763494145714,75.83881747072857,0.0,High
2026-02-20,4.915502489058021,3.6866268667935156,0.0,151.67763494145714,151.67763494145714,75.83881747072857,0.0,High
2026-02-21,4.98970364094676,3.74227773071007,0.0,151.67763494145714,151.67763494145714,75.83881747072857,0.0,High
2026-02-22,5.186166636860423,3.889624977645317,0.0,151.67763494145714,151.67763494145714,75.83881747072857,0.0,High
2026-02-23,5.340041555819775,4.005031166864832,0.0,151.67763494145714,151.67763494145714,75.83881747072857,0.0,High
2026-02-24,5.015609251302291,3.7617069384767188,0.0,151.67763494145714,151.67763494145714,75.83881747072857,0.0,High
2026-02-25,5.099004789337123,3.824253592002842,0.0,151.67763494145714,151.67763494145714,75.83881747072857,0.0,High
2026-02-26,5.230604996080558,3.9229537470604186,0.0,151.67763494145714,151.67763494145714,75.83881747072857,0.0,High
2026-02-27,5.936498234247764,4.4523736756858225,0.0,151.67763494145714,151.67763494145714,75.83881747072857,0.0,High
2026-02-28,5.9684921170581084,4.476369087793581,0.0,151.67763494145714,151.67763494145714,75.83881747072857,0.0,High
2026-03-01,6.432247220679564,4.824185415509673,0.0,151.67763494145714,151.67763494145714,75.83881747072857,0.0,High
2026-03-02,6.772236948182957,5.079177711137218,0.0,151.67763494145714,151.67763494145714,75.83881747072857,0.0,High
2026-03-03,7.024326052619114,5.268244539464336,0.0,151.67763494145714,151.67763494145714,75.83881747072857,0.0,High
2026-03-04,6.664117918452358,4.998088438839268,0.0,151.67763494145714,151.67763494145714,75.83881747072857,0.0,High
2026-03-05,6.359202837450583,4.769402128087938,0.0,151.67763494145714,151.67763494145714,75.83881747072857,0.0,High
2026-03-06,6.522737259679694,4.8920529447597705,0.0,151.67763494145714,151.67763494145714,75.83881747072857,0.0,High
2026-03-07,7.1276695506345105,5.345752162975883,0.0,151.67763494145714,151.67763494145714,75.83881747072857,0.0,High
2026-03-08,6.462212664770439,4.846659498577829,0.0,151.67763494145714,151.67763494145714,75.83881747072857,0.0,High
2026-03-09,5.582914660052397,4.1871859950392984,0.0,151.67763494145714,151.67763494145714,75.83881747072857,0.0,High
2026-03-10,6.344454154436595,4.758340615827446,0.0,151.67763494145714,151.67763494145714,75.83881747072857,0.0,High
2026-03-11,6.335283966632247,4.751462974974185,0.0,151.67763494145714,151.67763494145714,75.83881747072857,0.0,High
2026-03-12,6.418828289937105,4.814121217452829,0.0,151.67763494145714,151.67763494145714,75.83881747072857,0.0,High
2026-03-13,6.725033877229865,5.043775407922398,0.0,151.67763494145714,151.67763494145714,75.83881747072857,0.0,High
2026-03-14,6.989952166055711,5.242464124541783,0.0,151.67763494145714,151.67763494145714,75.83881747072857,0.0,High
2026-03-15,6.694213777263263,5.020660332947447,0.0,151.67763494145714,151.67763494145714,75.83881747072857,0.0,High
2026-03-16,6.505386614595954,4.879039960946965,0.0,151.67763494145714,151.67763494145714,75.83881747072857,0.0,High
2026-03-17,6.197998421388827,4.64849881604162,0.02,151.67763494145714,151.67763494145714,75.83881747072857,0.0,High
2026-03-18,5.923968545451532,4.442976409088649,4.04,151.67763494145714,151.67763494145714,75.83881747072857,0.0,High
2026-03-19,5.756992313803007,4.317744235352255,14.09,141.9053791768094,151.67763494145714,75.83881747072857,0.12885559256537116,High
2026-03-20,5.164866701765341,3.8736500263240057,0.05,145.7290292031334,151.67763494145714,75.83881747072857,0.07843748012842798,High
2026-03-21,5.304367127768872,3.978275345826654,0.0,149.70730454896005,151.67763494145714,75.83881747072857,0.025980499936692394,High
2026-03-22,5.808419739250577,4.3563148044379325,0.04,151.67763494145714,151.67763494145714,75.83881747072857,0.0,High
2026-03-23,6.226079172475314,4.669559379356485,0.0,151.67763494145714,151.67763494145714,75.83881747072857,0.0,High
2026-03-24,6.327535986198671,4.745651989649003,0.0,151.67763494145714,151.67763494145714,75.83881747072857,0.0,High
2026-03-25,6.829833398287304,5.122375048715478,0.0,151.67763494145714,151.67763494145714,75.83881747072857,0.0,High
2026-03-26,6.852100372846226,5.139075279634669,0.0,151.67763494145714,151.67763494145714,75.83881747072857,0.0,High
2026-03-27,7.455104040362199,5.591328030271649,0.0,151.67763494145714,151.67763494145714,75.83881747072857,0.0,High
2026-03-28,6.9092565380952315,5.181942403571424,0.03,151.67763494145714,151.67763494145714,75.83881747072857,0.0,High
2026-03-29,6.804900732695341,5.103675549521506,1.41,151.67763494145714,151.67763494145714,75.83881747072857,0.0,High
2026-03-30,6.943084463757552,5.207313347818165,0.01,151.67763494145714,151.67763494145714,75.83881747072857,0.0,High
2026-03-31,7.123088517708172,5.342316388281129,0.0,151.67763494145714,151.67763494145714,75.83881747072857,0.0,High
2026-04-01,7.539937476598877,5.654953107449158,0.0,151.67763494145714,151.67763494145714,75.83881747072857,0.0,High
2026-04-02,7.205107817808879,5.403830863356659,0.0,151.67763494145714,151.67763494145714,75.83881747072857,0.0,High
2026-04-03,6.733522951426899,5.050142213570174,0.05,151.67763494145714,151.67763494145714,75.83881747072857,0.0,High
2026-04-04,5.978725574555075,4.484044180916307,1.07,151.67763494145714,151.67763494145714,75.83881747072857,0.0,High
2026-04-05,6.627921354814264,4.970941016110698,2.42,151.67763494145714,151.67763494145714,75.83881747072857,0.0,High
2026-04-06,7.835327708278219,5.876495781208664,0.03,151.67763494145714,151.67763494145714,75.83881747072857,0.0,High
2026-04-07,7.738129835468866,5.803597376601649,0.02,151.67763494145714,151.67763494145714,75.83881747072857,0.0,High
2026-04-08,7.0110779242121914,5.258308443159144,0.0,151.67763494145714,151.67763494145714,75.83881747072857,0.0,High
2026-04-09,6.894008140993253,5.1705061057449395,0.02,151.67763494145714,151.67763494145714,75.83881747072857,0.0,High
2026-04-10,7.424609487238073,5.568457115428555,0.16,151.67763494145714,151.67763494145714,75.83881747072857,0.0,High
2026-04-11,8.071944765452495,6.053958574089371,0.01,151.67763494145714,151.67763494145714,75.83881747072857,0.0,High
2026-04-12,8.235605830564262,6.176704372923197,0.0,151.67763494145714,151.67763494145714,75.83881747072857,0.0,High
2026-04-13,8.049247656756025,6.036935742567019,0.0,151.67763494145714,151.67763494145714,75.83881747072857,0.0,High
2026-04-14,8.284690091035447,6.213517568276585,0.0,151.67763494145714,151.67763494145714,75.83881747072857,0.0,High
2026-04-15,8.597544862366314,6.448158646774736,0.0,151.67763494145714,151.67763494145714,75.83881747072857,0.0,High
2026-04-16,8.482321848199186,6.36174138614939,0.0,151.67763494145714,151.67763494145714,75.83881747072857,0.0,High
2026-04-17,8.767108579655163,6.575331434741372,0.0,151.67763494145714,151.67763494145714,75.83881747072857,0.0,High
2026-04-18,8.432247176591439,6.324185382443579,0.0,151.67763494145714,151.67763494145714,75.83881747072857,0.0,High
2026-04-19,8.406335163593766,6.304751372695325,0.0,151.67763494145714,151.67763494145714,75.83881747072857,0.0,High
2026-04-20,8.149906883943647,6.112430162957735,0.0,151.67763494145714,151.67763494145714,75.83881747072857,0.0,High
2026-04-21,8.269589464825787,6.20219209861934,0.0,151.67763494145714,151.67763494145714,75.83881747072857,0.0,High
2026-04-22,8.280985646282481,6.210739234711861,0.0,151.67763494145714,151.67763494145714,75.83881747072857,0.0,High
2026-04-23,7.784937710498244,5.8387032828736825,0.0,151.67763494145714,151.67763494145714,75.83881747072857,0.0,High
2026-04-24,8.140112141862108,6.105084106396581,0.0,151.67763494145714,151.67763494145714,75.83881747072857,0.0,High
2026-04-25,8.712453419029865,6.534340064272399,0.0,151.67763494145714,151.67763494145714,75.83881747072857,0.0,High
2026-04-26,8.633573288363905,6.475179966272929,0.0,151.67763494145714,151.67763494145714,75.83881747072857,0.0,High
2026-04-27,9.118980966703958,6.839235725027969,0.0,151.67763494145714,151.67763494145714,75.83881747072857,0.0,High
2026-04-28,8.597254516677557,6.447940887508167,0.0,151.67763494145714,151.67763494145714,75.83881747072857,0.0,High
2026-04-29,7.1725887721701485,5.379441579127612,1.31,151.67763494145714,151.67763494145714,75.83881747072857,0.0,High
2026-04-30,6.596328773363991,4.947246580022993,14.63,141.99488152148015,151.67763494145714,75.83881747072857,0.12767542721396247,High
2026-05-01,5.892354766315533,4.419266074736649,1.37,145.0441475962168,151.67763494145714,75.83881747072857,0.08746823284527971,High
2026-05-02,7.272152972542733,5.454114729407049,0.56,149.93826232562384,151.67763494145714,75.83881747072857,0.02293512311824545,High
2026-05-03,6.33660789336119,4.752455920020893,1.92,151.67763494145714,151.67763494145714,75.83881747072857,0.0,High
2026-05-04,5.991140241315309,4.493355180986482,9.99,146.1809901224436,151.67763494145714,75.83881747072857,0.0724779868981353,High
2026-05-05,3.61386220716115,2.7103966553708627,0.41,148.48138677781446,151.67763494145714,75.83881747072857,0.042145279557877224,High
2026-05-06,4.987394445450791,3.7405458340880933,0.2,151.67763494145714,151.67763494145714,75.83881747072857,0.0,High
2026-05-07,6.282019814686098,4.711514861014574,1.06,151.67763494145714,151.67763494145714,75.83881747072857,0.0,High
2026-05-08,5.890057699352738,4.4175432745145535,0.46,151.67763494145714,151.67763494145714,75.83881747072857,0.0,High
2026-05-09,5.5957191393159,4.196789354486925,1.83,151.67763494145714,151.67763494145714,75.83881747072857,0.0,High
2026-05-10,6.697275762025633,5.022956821519225,0.61,151.67763494145714,151.67763494145714,75.83881747072857,0.0,High
2026-05-11,6.5186171737326495,4.888962880299487,0.14,151.67763494145714,151.67763494145714,75.83881747072857,0.0,High
2026-05-12,6.861412169545155,5.146059127158867,0.0,151.67763494145714,151.67763494145714,75.83881747072857,0.0,High
2026-05-13,7.0974164556661945,5.323062341749646,0.0,151.67763494145714,151.67763494145714,75.83881747072857,0.0,High
2026-05-14,6.995036629885432,5.246277472414073,0.0,151.67763494145714,151.67763494145714,75.83881747072857,0.0,High
2026-05-15,4.693813439561428,3.520360079671071,0.03,151.67763494145714,151.67763494145714,75.83881747072857,0.0,High
2026-05-16,6.439798824054587,4.82984911804094,0.1,151.67763494145714,151.67763494145714,75.83881747072857,0.0,High
2026-05-17,5.966402570163589,4.474801927622692,0.06,151.67763494145714,151.67763494145714,75.83881747072857,0.0,High
2026-05-18,5.8724778590197095,4.404358394264782,6.02,150.06199333572192,151.67763494145714,75.83881747072857,0.021303623389945497,High
2026-05-19,5.2450876232629104,3.9338157174471826,3.42,150.5758090531691,151.67763494145714,75.83881747072857,0.014528521475342147,High
2026-05-21,7.530197256434087,5.647647942325565,8.86,147.36345699549466,151.67763494145714,75.83881747072857,0.056886144719063204,High
2026-05-22,6.445123532295845,4.833842649221884,4.33,147.86729964471652,151.67763494145714,75.83881747072857,0.05024254628193918,High
2026-05-23,4.497709179470066,3.3732818846025494,1.65,149.59058152931908,151.67763494145714,75.83881747072857,0.027519593286691204,High
2026-05-24,6.759854594807352,5.069890946105514,0.9,151.67763494145714,151.67763494145714,75.83881747072857,0.0,High
2026-05-25,6.749420761800257,5.0620655713501925,0.05,151.67763494145714,151.67763494145714,75.83881747072857,0.0,High
2026-05-26,6.007583582528052,4.505687686896039,20.05,136.13332262835317,151.67763494145714,75.83881747072857,0.2049651198623132,High
2026-05-27,5.164828505520544,3.873621379140408,2.3,137.70694400749358,151.67763494145714,75.83881747072857,0.18421556928094007,High
2026-05-28,5.5068157762196535,4.13011183216474,2.91,138.92705583965832,151.67763494145714,75.83881747072857,0.1681273459560488,High
2026-05-29,5.959854086880706,4.469890565160529,3.21,140.18694640481885,151.67763494145714,75.83881747072857,0.15151460584249402,High
2026-05-30,4.865771919993081,3.649328939994811,2.45,141.38627534481367,151.67763494145714,75.83881747072857,0.1357004228160021,High
2026-05-31,5.656212087533798,4.242159065650348,1.55,144.078434410464,151.67763494145714,75.83881747072857,0.10020199133413685,High
2026-06-01,5.39010784872686,4.042580886545145,1.44,146.68101529700917,151.67763494145714,75.83881747072857,0.06588472514588607,High
2026-06-02,5.755293237854562,4.316469928390921,3.03,147.96748522540008,151.67763494145714,75.83881747072857,0.048921513280307444,High
2026-06-03,4.916051504926253,3.68703862869469,11.04,140.61452385409478,151.67763494145714,75.83881747072857,0.14587662962482736,High
2026-06-04,6.3959410937779975,4.796955820333498,6.68,138.73147967442827,151.67763494145714,75.83881747072857,0.1707061858134284,High
2026-06-05,6.2489600469838145,4.686720035237861,2.01,141.40819970966615,151.67763494145714,75.83881747072857,0.13541133121906437,High
2026-06-06,5.308524344235412,3.981393258176559,7.88,137.5095929678427,151.67763494145714,75.83881747072857,0.18681781238325426,High
2026-06-07,4.305118528517963,3.2288388963884724,5.02,135.71843186423118,151.67763494145714,75.83881747072857,0.21043581123065008,High
2026-06-08,4.736141413346908,3.552106060010181,4.71,134.56053792424134,151.67763494145714,75.83881747072857,0.22570363816422198,High
2026-06-09,4.945669991018588,3.709252493263941,9.46,128.80979041750527,151.67763494145714,75.83881747072857,0.3015321874286628,High
2026-06-10,4.439382491891213,3.32953686891841,18.36,113.77932728642368,151.67763494145714,75.83881747072857,0.4997217641171822,High
2026-06-11,2.567986404114596,1.925989803085947,26.59,89.11531708950962,151.67763494145714,75.83881747072857,0.8249379399420967,Medium
2026-06-12,2.843544948468389,2.132658711351292,5.5,85.74797580086091,151.67763494145714,75.83881747072857,0.8693392294261845,Medium
2026-06-13,4.415406715747677,3.311555036810758,5.29,83.76953083767167,151.67763494145714,75.83881747072857,0.8954267269528022,Medium
2026-06-14,4.3770351167263,3.2827763375447248,6.68,80.3723071752164,151.67763494145714,75.83881747072857,0.9402220412226546,Low
2026-06-15,5.678672510410621,4.259004382807966,0.75,83.88131155802438,151.67763494145714,75.83881747072857,0.8939528020673587,Medium
2026-06-16,5.901223066741262,4.425917300055946,5.41,82.89722885808033,151.67763494145714,75.83881747072857,0.9069287783914077,Low
2026-06-17,5.325478876493104,3.994109157369828,2.78,84.11133801545016,151.67763494145714,75.83881747072857,0.8909197054936343,Medium
2026-06-18,4.1251647712624235,3.093873578446818,6.53,80.67521159389698,151.67763494145714,75.83881747072857,0.9362279860833128,Low
2026-06-19,3.3629274456576326,2.5221955842432244,2.01,81.18740717814019,151.67763494145714,75.83881747072857,0.9294742470176831,Low
2026-06-20,3.589396031981154,2.6920470239858654,4.62,79.25945420212605,151.67763494145714,75.83881747072857,0.9548959642900848,Low
2026-06-21,3.4125811949661053,2.559435896224579,11.14,70.67889009835064,151.67763494145714,75.83881747072857,1.0,Low
2026-06-22,3.9444464603543317,2.9583348452657487,13.68,59.95722494361638,151.67763494145714,75.83881747072857,1.0,Low
2026-06-23,4.7506466724124925,3.562985004309369,6.04,57.48020994792575,151.67763494145714,75.83881747072857,1.0,Low
2026-06-24,5.139789391271963,3.854842043453972,1.35,59.98505199137972,151.67763494145714,75.83881747072857,1.0,Low
2026-06-25,5.211719009537243,3.9087892571529324,2.91,60.983841248532656,151.67763494145714,75.83881747072857,1.0,Low
2026-06-26,5.196428719441627,3.8973215395812204,0.29,64.59116278811388,151.67763494145714,75.83881747072857,1.0,Low
2026-06-27,5.416309334136108,4.062232000602081,3.27,65.38339478871596,151.67763494145714,75.83881747072857,1.0,Low
2026-06-28,4.158150710556161,3.1186130329171204,10.89,57.61200782163308,151.67763494145714,75.83881747072857,1.0,Low
2026-06-29,4.818406682297204,3.613805011722903,11.16,50.06581283335598,151.67763494145714,75.83881747072857,1.0,Low
2026-06-30,4.693736765570892,3.520302574178169,2.91,50.67611540753415,151.67763494145714,75.83881747072857,1.0,Low
2026-07-01,3.9173805176807326,2.938035388260549,1.51,52.1041507957947,151.67763494145714,75.83881747072857,1.0,Low
2026-07-02,3.8762303388191124,2.907172754114334,1.57,53.441323549909036,151.67763494145714,75.83881747072857,1.0,Low
2026-07-03,4.20046537013317,3.1503490275998773,3.28,53.311672577508915,151.67763494145714,75.83881747072857,1.0,Low
2026-07-04,3.930847849224085,2.9481358869180636,0.38,55.87980846442698,151.67763494145714,75.83881747072857,1.0,Low
2026-07-05,5.171443863795025,3.8785828978462686,0.01,59.74839136227325,151.67763494145714,75.83881747072857,1.0,Low
2026-07-06,5.9334786822651315,4.450109011698848,0.09,64.10850037397209,151.67763494145714,75.83881747072857,1.0,Low
2026-07-07,5.403845551192423,4.052884163394317,0.74,67.42138453736641,151.67763494145714,75.83881747072857,1.0,Low
2026-07-08,4.5063029129513605,3.3797271847135204,0.78,70.02111172207992,151.67763494145714,75.83881747072857,1.0,Low
2026-07-09,4.462116682154659,3.3465875116159944,4.54,68.82769923369591,151.67763494145714,75.83881747072857,1.0,Low
2026-07-10,3.6248994512776664,2.7186745884582497,5.92,65.62637382215416,151.67763494145714,75.83881747072857,1.0,Low
2026-07-11,5.0011921732320515,3.7508941299240384,0.35,69.0272679520782,151.67763494145714,75.83881747072857,1.0,Low
