date,mango_stage,stage_kc,interpolated_kc,et0_mm_day,etc_mm_day,rainfall_mm,irrigation_mm,water_input_mm,root_zone_depletion_mm,taw_mm,raw_mm,ks,water_stress_level,interpolation_method
2025-01-01,Flowering,0.75,0.75,2.8635,2.1476,0.0,0.0,0.0,2.148,151.67763494145714,75.83881747072857,1.0,Low,linear_midpoint
2025-01-02,Flowering,0.75,0.75,2.8185,2.1139,0.0,0.0,0.0,4.262,151.67763494145714,75.83881747072857,1.0,Low,linear_midpoint
2025-01-03,Flowering,0.75,0.75,3.0334,2.2751,0.0,0.0,0.0,6.537,151.67763494145714,75.83881747072857,1.0,Low,linear_midpoint
2025-01-04,Flowering,0.75,0.75,3.0616,2.2962,0.0,0.0,0.0,8.833,151.67763494145714,75.83881747072857,1.0,Low,linear_midpoint
2025-01-05,Flowering,0.75,0.75,2.9623,2.2217,0.0,0.0,0.0,11.054,151.67763494145714,75.83881747072857,1.0,Low,linear_midpoint
2025-01-06,Flowering,0.75,0.75,3.164,2.373,0.0,0.0,0.0,13.427,151.67763494145714,75.83881747072857,1.0,Low,linear_midpoint
2025-01-07,Flowering,0.75,0.75,3.1877,2.3908,0.0,0.0,0.0,15.818,151.67763494145714,75.83881747072857,1.0,Low,linear_midpoint
2025-01-08,Flowering,0.75,0.75,3.1368,2.3526,0.0,0.0,0.0,18.171,151.67763494145714,75.83881747072857,1.0,Low,linear_midpoint
2025-01-09,Flowering,0.75,0.75,2.6037,1.9528,0.0,0.0,0.0,20.124,151.67763494145714,75.83881747072857,1.0,Low,linear_midpoint
2025-01-10,Flowering,0.75,0.75,2.3094,1.732,0.01,0.0,0.01,21.846,151.67763494145714,75.83881747072857,1.0,Low,linear_midpoint
2025-01-11,Flowering,0.75,0.75,1.9418,1.4564,0.0,0.0,0.0,23.302,151.67763494145714,75.83881747072857,1.0,Low,linear_midpoint
2025-01-12,Flowering,0.75,0.75,3.2159,2.4119,0.19,0.0,0.19,25.524,151.67763494145714,75.83881747072857,1.0,Low,linear_midpoint
2025-01-13,Flowering,0.75,0.75,2.4262,1.8197,1.92,0.0,1.92,25.424,151.67763494145714,75.83881747072857,1.0,Low,linear_midpoint
2025-01-14,Flowering,0.75,0.75,2.4988,1.8741,0.35,0.0,0.35,26.948,151.67763494145714,75.83881747072857,1.0,Low,linear_midpoint
2025-01-15,Flowering,0.75,0.75,2.7264,2.0448,0.0,0.0,0.0,28.993,151.67763494145714,75.83881747072857,1.0,Low,linear_midpoint
2025-01-16,Flowering,0.75,0.75,2.9698,2.2274,0.0,0.0,0.0,31.22,151.67763494145714,75.83881747072857,1.0,Low,linear_midpoint
2025-01-17,Flowering,0.75,0.75,2.4881,1.8661,0.0,0.0,0.0,33.086,151.67763494145714,75.83881747072857,1.0,Low,linear_midpoint
2025-01-18,Flowering,0.75,0.75,3.0884,2.3163,2.34,0.0,2.34,33.062,151.67763494145714,75.83881747072857,1.0,Low,linear_midpoint
2025-01-19,Flowering,0.75,0.75,1.6655,1.2492,7.91,0.0,7.91,26.401,151.67763494145714,75.83881747072857,1.0,Low,linear_midpoint
2025-01-20,Flowering,0.75,0.75,3.3519,2.514,0.08,0.0,0.08,28.835,151.67763494145714,75.83881747072857,1.0,Low,linear_midpoint
2025-01-21,Flowering,0.75,0.75,3.4753,2.6065,0.0,0.0,0.0,31.442,151.67763494145714,75.83881747072857,1.0,Low,linear_midpoint
2025-01-22,Flowering,0.75,0.75,3.5483,2.6612,0.0,0.0,0.0,34.103,151.67763494145714,75.83881747072857,1.0,Low,linear_midpoint
2025-01-23,Flowering,0.75,0.75,3.694,2.7705,0.0,0.0,0.0,36.874,151.67763494145714,75.83881747072857,1.0,Low,stage_anchor
2025-01-24,Flowering,0.75,0.75135,3.6654,2.754,0.0,0.0,0.0,39.628,151.67763494145714,75.83881747072857,1.0,Low,linear_midpoint
2025-01-25,Flowering,0.75,0.75405,3.7664,2.8401,0.0,0.0,0.0,42.468,151.67763494145714,75.83881747072857,1.0,Low,linear_midpoint
2025-01-26,Flowering,0.75,0.75676,4.078,3.0861,0.0,0.0,0.0,45.554,151.67763494145714,75.83881747072857,1.0,Low,linear_midpoint
2025-01-27,Flowering,0.75,0.75946,3.7769,2.8684,0.0,0.0,0.0,48.422,151.67763494145714,75.83881747072857,1.0,Low,linear_midpoint
2025-01-28,Flowering,0.75,0.76216,3.6713,2.7981,0.0,0.0,0.0,51.22,151.67763494145714,75.83881747072857,1.0,Low,linear_midpoint
2025-01-29,Flowering,0.75,0.76486,3.9922,3.0535,0.0,0.0,0.0,54.274,151.67763494145714,75.83881747072857,1.0,Low,linear_midpoint
2025-01-30,Flowering,0.75,0.76757,4.0089,3.0771,0.0,0.0,0.0,57.351,151.67763494145714,75.83881747072857,1.0,Low,linear_midpoint
2025-01-31,Flowering,0.75,0.77027,4.1567,3.2018,0.0,0.0,0.0,60.553,151.67763494145714,75.83881747072857,1.0,Low,linear_midpoint
2025-02-01,Flowering,0.75,0.77297,4.3318,3.3484,0.0,0.0,0.0,63.901,151.67763494145714,75.83881747072857,1.0,Low,linear_midpoint
2025-02-02,Flowering,0.75,0.77568,4.5672,3.5427,0.0,0.0,0.0,67.444,151.67763494145714,75.83881747072857,1.0,Low,linear_midpoint
2025-02-03,Flowering,0.75,0.77838,4.9256,3.834,0.0,0.0,0.0,71.278,151.67763494145714,75.83881747072857,1.0,Low,linear_midpoint
2025-02-04,Flowering,0.75,0.78108,5.0202,3.9212,0.0,0.0,0.0,75.199,151.67763494145714,75.83881747072857,1.0,Low,linear_midpoint
2025-02-05,Flowering,0.75,0.78378,4.8985,3.8394,0.0,0.0,0.0,79.038,151.67763494145714,75.83881747072857,0.9578,Low,linear_midpoint
2025-02-06,Flowering,0.75,0.78649,4.4737,3.5185,0.0,0.0,0.0,82.557,151.67763494145714,75.83881747072857,0.9114,Low,linear_midpoint
2025-02-07,Flowering,0.75,0.78919,4.536,3.5797,0.0,0.0,0.0,86.137,151.67763494145714,75.83881747072857,0.8642,Medium,linear_midpoint
2025-02-08,Flowering,0.75,0.79189,4.4769,3.5452,0.0,0.0,0.0,89.682,151.67763494145714,75.83881747072857,0.8175,Medium,linear_midpoint
2025-02-09,Flowering,0.75,0.79459,4.2487,3.376,0.0,0.0,0.0,93.058,151.67763494145714,75.83881747072857,0.773,Medium,linear_midpoint
2025-02-10,Flowering,0.75,0.7973,4.0693,3.2444,0.0,0.0,0.0,96.302,151.67763494145714,75.83881747072857,0.7302,Medium,linear_midpoint
2025-02-11,Flowering,0.75,0.8,4.7613,3.8091,0.0,0.0,0.0,100.111,151.67763494145714,75.83881747072857,0.6799,Medium,linear_midpoint
2025-02-12,Flowering,0.75,0.8027,5.0988,4.0928,0.0,0.0,0.0,104.204,151.67763494145714,75.83881747072857,0.626,Medium,linear_midpoint
2025-02-13,Flowering,0.75,0.80541,5.4121,4.359,0.0,0.0,0.0,108.563,151.67763494145714,75.83881747072857,0.5685,High,linear_midpoint
2025-02-14,Flowering,0.75,0.80811,5.2325,4.2284,0.0,0.0,0.0,112.791,151.67763494145714,75.83881747072857,0.5127,High,linear_midpoint
2025-02-15,Flowering,0.75,0.81081,5.0757,4.1154,0.0,0.0,0.0,116.907,151.67763494145714,75.83881747072857,0.4585,High,linear_midpoint
2025-02-16,Fruit set,0.85,0.81351,5.0888,4.1398,0.0,0.0,0.0,121.047,151.67763494145714,75.83881747072857,0.4039,High,linear_midpoint
2025-02-17,Fruit set,0.85,0.81622,5.1325,4.1892,0.0,0.0,0.0,125.236,151.67763494145714,75.83881747072857,0.3487,High,linear_midpoint
2025-02-18,Fruit set,0.85,0.81892,5.2113,4.2676,0.0,0.0,0.0,129.503,151.67763494145714,75.83881747072857,0.2924,High,linear_midpoint
2025-02-19,Fruit set,0.85,0.82162,5.3958,4.4333,0.0,0.0,0.0,133.937,151.67763494145714,75.83881747072857,0.2339,High,linear_midpoint
2025-02-20,Fruit set,0.85,0.82432,5.3061,4.374,0.0,0.0,0.0,138.311,151.67763494145714,75.83881747072857,0.1763,High,linear_midpoint
2025-02-21,Fruit set,0.85,0.82703,5.0288,4.1589,0.0,0.0,0.0,142.47,151.67763494145714,75.83881747072857,0.1214,High,linear_midpoint
2025-02-22,Fruit set,0.85,0.82973,5.2748,4.3766,0.0,0.0,0.0,146.846,151.67763494145714,75.83881747072857,0.0637,High,linear_midpoint
2025-02-23,Fruit set,0.85,0.83243,5.824,4.8481,0.0,0.0,0.0,151.678,151.67763494145714,75.83881747072857,0.0,High,linear_midpoint
2025-02-24,Fruit set,0.85,0.83514,5.7092,4.768,0.0,0.0,0.0,151.678,151.67763494145714,75.83881747072857,0.0,High,linear_midpoint
2025-02-25,Fruit set,0.85,0.83784,5.2442,4.3938,0.0,0.0,0.0,151.678,151.67763494145714,75.83881747072857,0.0,High,linear_midpoint
2025-02-26,Fruit set,0.85,0.84054,5.3029,4.4573,0.0,0.0,0.0,151.678,151.67763494145714,75.83881747072857,0.0,High,linear_midpoint
2025-02-27,Fruit set,0.85,0.84324,5.0809,4.2845,0.0,0.0,0.0,151.678,151.67763494145714,75.83881747072857,0.0,High,linear_midpoint
2025-02-28,Fruit set,0.85,0.84595,5.3185,4.4991,0.0,0.0,0.0,151.678,151.67763494145714,75.83881747072857,0.0,High,linear_midpoint
2025-03-01,Fruit set,0.85,0.84865,5.3263,4.5202,0.01,0.0,0.01,151.678,151.67763494145714,75.83881747072857,0.0,High,linear_midpoint
2025-03-02,Fruit set,0.85,0.85056,5.7853,4.9208,0.0,0.0,0.0,151.678,151.67763494145714,75.83881747072857,0.0,High,stage_anchor
2025-03-03,Fruit set,0.85,0.85169,6.1216,5.2136,0.0,0.0,0.0,151.678,151.67763494145714,75.83881747072857,0.0,High,linear_midpoint
2025-03-04,Fruit set,0.85,0.85281,6.1515,5.246,0.0,0.0,0.0,151.678,151.67763494145714,75.83881747072857,0.0,High,linear_midpoint
2025-03-05,Fruit set,0.85,0.85393,6.1322,5.2365,0.0,0.0,0.0,151.678,151.67763494145714,75.83881747072857,0.0,High,linear_midpoint
2025-03-06,Fruit set,0.85,0.85506,6.7738,5.792,0.0,0.0,0.0,151.678,151.67763494145714,75.83881747072857,0.0,High,linear_midpoint
2025-03-07,Fruit set,0.85,0.85618,6.788,5.8117,0.0,0.0,0.0,151.678,151.67763494145714,75.83881747072857,0.0,High,linear_midpoint
2025-03-08,Fruit set,0.85,0.8573,6.5846,5.645,0.0,0.0,0.0,151.678,151.67763494145714,75.83881747072857,0.0,High,linear_midpoint
2025-03-09,Fruit set,0.85,0.85843,6.3881,5.4838,0.0,0.0,0.0,151.678,151.67763494145714,75.83881747072857,0.0,High,linear_midpoint
2025-03-10,Fruit set,0.85,0.85955,6.0162,5.1712,0.0,0.0,0.0,151.678,151.67763494145714,75.83881747072857,0.0,High,linear_midpoint
2025-03-11,Fruit set,0.85,0.86067,5.4184,4.6635,0.89,0.0,0.89,151.678,151.67763494145714,75.83881747072857,0.0,High,linear_midpoint
2025-03-12,Fruit set,0.85,0.8618,5.7571,4.9614,0.32,0.0,0.32,151.678,151.67763494145714,75.83881747072857,0.0,High,linear_midpoint
2025-03-13,Fruit set,0.85,0.86292,6.6721,5.7575,0.0,0.0,0.0,151.678,151.67763494145714,75.83881747072857,0.0,High,linear_midpoint
2025-03-14,Fruit set,0.85,0.86404,7.0167,6.0627,0.0,0.0,0.0,151.678,151.67763494145714,75.83881747072857,0.0,High,linear_midpoint
2025-03-15,Fruit set,0.85,0.86517,7.0182,6.072,0.0,0.0,0.0,151.678,151.67763494145714,75.83881747072857,0.0,High,linear_midpoint
2025-03-16,Fruit development,0.9,0.86629,6.9623,6.0314,0.0,0.0,0.0,151.678,151.67763494145714,75.83881747072857,0.0,High,linear_midpoint
2025-03-17,Fruit development,0.9,0.86742,6.7103,5.8206,0.0,0.0,0.0,151.678,151.67763494145714,75.83881747072857,0.0,High,linear_midpoint
2025-03-18,Fruit development,0.9,0.86854,6.9438,6.031,0.0,0.0,0.0,151.678,151.67763494145714,75.83881747072857,0.0,High,linear_midpoint
2025-03-19,Fruit development,0.9,0.86966,7.4319,6.4632,0.0,0.0,0.0,151.678,151.67763494145714,75.83881747072857,0.0,High,linear_midpoint
2025-03-20,Fruit development,0.9,0.87079,7.7176,6.7204,0.0,0.0,0.0,151.678,151.67763494145714,75.83881747072857,0.0,High,linear_midpoint
2025-03-21,Fruit development,0.9,0.87191,7.0399,6.1381,0.0,0.0,0.0,151.678,151.67763494145714,75.83881747072857,0.0,High,linear_midpoint
2025-03-22,Fruit development,0.9,0.87303,5.5212,4.8202,1.35,0.0,1.35,151.678,151.67763494145714,75.83881747072857,0.0,High,linear_midpoint
2025-03-23,Fruit development,0.9,0.87416,5.4231,4.7407,1.35,0.0,1.35,151.678,151.67763494145714,75.83881747072857,0.0,High,linear_midpoint
2025-03-24,Fruit development,0.9,0.87528,6.7779,5.9326,0.01,0.0,0.01,151.678,151.67763494145714,75.83881747072857,0.0,High,linear_midpoint
2025-03-25,Fruit development,0.9,0.8764,6.8081,5.9666,0.01,0.0,0.01,151.678,151.67763494145714,75.83881747072857,0.0,High,linear_midpoint
2025-03-26,Fruit development,0.9,0.87753,7.3499,6.4497,0.0,0.0,0.0,151.678,151.67763494145714,75.83881747072857,0.0,High,linear_midpoint
2025-03-27,Fruit development,0.9,0.87865,6.8663,6.0331,0.0,0.0,0.0,151.678,151.67763494145714,75.83881747072857,0.0,High,linear_midpoint
2025-03-28,Fruit development,0.9,0.87978,7.5095,6.6067,0.01,0.0,0.01,151.678,151.67763494145714,75.83881747072857,0.0,High,linear_midpoint
2025-03-29,Fruit development,0.9,0.8809,8.0079,7.0541,0.0,0.0,0.0,151.678,151.67763494145714,75.83881747072857,0.0,High,linear_midpoint
2025-03-30,Fruit development,0.9,0.88202,7.934,6.9979,0.0,0.0,0.0,151.678,151.67763494145714,75.83881747072857,0.0,High,linear_midpoint
2025-03-31,Fruit development,0.9,0.88315,7.3373,6.4799,0.0,0.0,0.0,151.678,151.67763494145714,75.83881747072857,0.0,High,linear_midpoint
2025-04-01,Fruit development,0.9,0.88427,6.6823,5.909,0.0,0.0,0.0,151.678,151.67763494145714,75.83881747072857,0.0,High,linear_midpoint
2025-04-02,Fruit development,0.9,0.88539,6.2585,5.5413,0.02,0.0,0.02,151.678,151.67763494145714,75.83881747072857,0.0,High,linear_midpoint
2025-04-03,Fruit development,0.9,0.88652,5.3072,4.7049,6.95,0.0,6.95,149.433,151.67763494145714,75.83881747072857,0.0296,High,linear_midpoint
2025-04-04,Fruit development,0.9,0.88764,6.1757,5.4818,0.91,0.0,0.91,151.678,151.67763494145714,75.83881747072857,0.0,High,linear_midpoint
2025-04-05,Fruit development,0.9,0.88876,6.2634,5.5667,1.68,0.0,1.68,151.678,151.67763494145714,75.83881747072857,0.0,High,linear_midpoint
2025-04-06,Fruit development,0.9,0.88989,6.61,5.8821,0.0,0.0,0.0,151.678,151.67763494145714,75.83881747072857,0.0,High,linear_midpoint
2025-04-07,Fruit development,0.9,0.89101,7.4164,6.6081,0.0,0.0,0.0,151.678,151.67763494145714,75.83881747072857,0.0,High,linear_midpoint
2025-04-08,Fruit development,0.9,0.89213,7.0149,6.2582,0.0,0.0,0.0,151.678,151.67763494145714,75.83881747072857,0.0,High,linear_midpoint
2025-04-09,Fruit development,0.9,0.89326,6.9883,6.2424,0.0,0.0,0.0,151.678,151.67763494145714,75.83881747072857,0.0,High,linear_midpoint
2025-04-10,Fruit development,0.9,0.89438,6.1399,5.4914,0.78,0.0,0.78,151.678,151.67763494145714,75.83881747072857,0.0,High,linear_midpoint
2025-04-11,Fruit development,0.9,0.89551,7.3286,6.5628,2.5,0.0,2.5,151.678,151.67763494145714,75.83881747072857,0.0,High,linear_midpoint
2025-04-12,Fruit development,0.9,0.89663,6.6659,5.9768,6.14,0.0,6.14,151.514,151.67763494145714,75.83881747072857,0.0022,High,linear_midpoint
2025-04-13,Fruit development,0.9,0.89775,5.652,5.0741,3.17,0.0,3.17,151.678,151.67763494145714,75.83881747072857,0.0,High,linear_midpoint
2025-04-14,Fruit development,0.9,0.89888,6.1105,5.4926,0.85,0.0,0.85,151.678,151.67763494145714,75.83881747072857,0.0,High,linear_midpoint
2025-04-15,Fruit development,0.9,0.9,6.4804,5.8323,0.65,0.0,0.65,151.678,151.67763494145714,75.83881747072857,0.0,High,stage_anchor
2025-04-16,Fruit development,0.9,0.89783,5.7193,5.135,4.54,0.0,4.54,151.678,151.67763494145714,75.83881747072857,0.0,High,linear_midpoint
2025-04-17,Fruit development,0.9,0.89565,6.1214,5.4827,0.18,0.0,0.18,151.678,151.67763494145714,75.83881747072857,0.0,High,linear_midpoint
2025-04-18,Fruit development,0.9,0.89348,5.534,4.9445,0.01,0.0,0.01,151.678,151.67763494145714,75.83881747072857,0.0,High,linear_midpoint
2025-04-19,Fruit development,0.9,0.8913,6.8597,6.1141,0.0,0.0,0.0,151.678,151.67763494145714,75.83881747072857,0.0,High,linear_midpoint
2025-04-20,Fruit development,0.9,0.88913,6.708,5.9643,0.5,0.0,0.5,151.678,151.67763494145714,75.83881747072857,0.0,High,linear_midpoint
2025-04-21,Fruit development,0.9,0.88696,6.6351,5.885,0.01,0.0,0.01,151.678,151.67763494145714,75.83881747072857,0.0,High,linear_midpoint
2025-04-22,Fruit development,0.9,0.88478,7.9511,7.035,0.0,0.0,0.0,151.678,151.67763494145714,75.83881747072857,0.0,High,linear_midpoint
2025-04-23,Fruit development,0.9,0.88261,8.2447,7.2769,0.0,0.0,0.0,151.678,151.67763494145714,75.83881747072857,0.0,High,linear_midpoint
2025-04-24,Fruit development,0.9,0.88043,8.16,7.1843,0.0,0.0,0.0,151.678,151.67763494145714,75.83881747072857,0.0,High,linear_midpoint
2025-04-25,Fruit development,0.9,0.87826,7.9539,6.9856,0.0,0.0,0.0,151.678,151.67763494145714,75.83881747072857,0.0,High,linear_midpoint
2025-04-26,Fruit development,0.9,0.87609,7.3127,6.4066,0.01,0.0,0.01,151.678,151.67763494145714,75.83881747072857,0.0,High,linear_midpoint
2025-04-27,Fruit development,0.9,0.87391,7.4834,6.5398,0.16,0.0,0.16,151.678,151.67763494145714,75.83881747072857,0.0,High,linear_midpoint
2025-04-28,Fruit development,0.9,0.87174,7.5551,6.586,0.83,0.0,0.83,151.678,151.67763494145714,75.83881747072857,0.0,High,linear_midpoint
2025-04-29,Fruit development,0.9,0.86957,7.5799,6.5912,0.0,0.0,0.0,151.678,151.67763494145714,75.83881747072857,0.0,High,linear_midpoint
2025-04-30,Fruit development,0.9,0.86739,7.2629,6.2998,0.01,0.0,0.01,151.678,151.67763494145714,75.83881747072857,0.0,High,linear_midpoint
2025-05-01,Fruit development,0.9,0.86522,6.4726,5.6002,2.43,0.0,2.43,151.678,151.67763494145714,75.83881747072857,0.0,High,linear_midpoint
2025-05-02,Fruit development,0.9,0.86304,6.7838,5.8548,1.92,0.0,1.92,151.678,151.67763494145714,75.83881747072857,0.0,High,linear_midpoint
2025-05-03,Fruit development,0.9,0.86087,6.2567,5.3862,0.95,0.0,0.95,151.678,151.67763494145714,75.83881747072857,0.0,High,linear_midpoint
2025-05-04,Fruit development,0.9,0.8587,6.986,5.9988,0.26,0.0,0.26,151.678,151.67763494145714,75.83881747072857,0.0,High,linear_midpoint
2025-05-05,Fruit development,0.9,0.85652,7.0515,6.0398,0.58,0.0,0.58,151.678,151.67763494145714,75.83881747072857,0.0,High,linear_midpoint
2025-05-06,Fruit development,0.9,0.85435,6.8177,5.8247,1.72,0.0,1.72,151.678,151.67763494145714,75.83881747072857,0.0,High,linear_midpoint
2025-05-07,Fruit development,0.9,0.85217,6.0507,5.1563,3.78,0.0,3.78,151.678,151.67763494145714,75.83881747072857,0.0,High,linear_midpoint
2025-05-08,Fruit development,0.9,0.85,5.1966,4.4171,4.74,0.0,4.74,151.355,151.67763494145714,75.83881747072857,0.0043,High,linear_midpoint
2025-05-09,Fruit development,0.9,0.84783,6.2908,5.3335,2.8,0.0,2.8,151.678,151.67763494145714,75.83881747072857,0.0,High,linear_midpoint
2025-05-10,Fruit development,0.9,0.84565,5.4723,4.6277,0.55,0.0,0.55,151.678,151.67763494145714,75.83881747072857,0.0,High,linear_midpoint
2025-05-11,Fruit development,0.9,0.84348,6.148,5.1857,0.17,0.0,0.17,151.678,151.67763494145714,75.83881747072857,0.0,High,linear_midpoint
2025-05-12,Fruit development,0.9,0.8413,6.7077,5.6432,1.84,0.0,1.84,151.678,151.67763494145714,75.83881747072857,0.0,High,linear_midpoint
2025-05-13,Fruit development,0.9,0.83913,5.9863,5.0233,5.24,0.0,5.24,151.461,151.67763494145714,75.83881747072857,0.0029,High,linear_midpoint
2025-05-14,Fruit development,0.9,0.83696,5.6215,4.705,1.81,0.0,1.81,151.678,151.67763494145714,75.83881747072857,0.0,High,linear_midpoint
2025-05-15,Fruit development,0.9,0.83478,5.2619,4.3926,13.61,0.0,13.61,142.46,151.67763494145714,75.83881747072857,0.1215,High,linear_midpoint
2025-05-16,Maturity / harvest,0.8,0.83261,4.4283,3.6871,10.25,0.0,10.25,135.897,151.67763494145714,75.83881747072857,0.2081,High,linear_midpoint
2025-05-17,Maturity / harvest,0.8,0.83043,4.6311,3.8459,11.51,0.0,11.51,128.233,151.67763494145714,75.83881747072857,0.3091,High,linear_midpoint
2025-05-18,Maturity / harvest,0.8,0.82826,3.8718,3.2068,23.02,0.0,23.02,108.42,151.67763494145714,75.83881747072857,0.5704,High,linear_midpoint
2025-05-19,Maturity / harvest,0.8,0.82609,3.3645,2.7794,4.59,0.0,4.59,106.609,151.67763494145714,75.83881747072857,0.5943,High,linear_midpoint
2025-05-20,Maturity / harvest,0.8,0.82391,3.6406,2.9996,27.48,0.0,27.48,82.129,151.67763494145714,75.83881747072857,0.9171,Low,linear_midpoint
2025-05-21,Maturity / harvest,0.8,0.82174,3.9338,3.2326,3.07,0.0,3.07,82.291,151.67763494145714,75.83881747072857,0.9149,Low,linear_midpoint
2025-05-22,Maturity / harvest,0.8,0.81957,5.0098,4.1058,0.0,0.0,0.0,86.397,151.67763494145714,75.83881747072857,0.8608,Medium,linear_midpoint
2025-05-23,Maturity / harvest,0.8,0.81739,5.7257,4.6801,0.34,0.0,0.34,90.737,151.67763494145714,75.83881747072857,0.8035,Medium,linear_midpoint
2025-05-24,Maturity / harvest,0.8,0.81522,4.5727,3.7277,0.06,0.0,0.06,94.405,151.67763494145714,75.83881747072857,0.7552,Medium,linear_midpoint
2025-05-25,Maturity / harvest,0.8,0.81304,4.8364,3.9322,1.56,0.0,1.56,96.777,151.67763494145714,75.83881747072857,0.7239,Medium,linear_midpoint
2025-05-26,Maturity / harvest,0.8,0.81087,4.0764,3.3054,1.49,0.0,1.49,98.593,151.67763494145714,75.83881747072857,0.7,Medium,linear_midpoint
2025-05-27,Maturity / harvest,0.8,0.8087,5.4803,4.4319,0.19,0.0,0.19,102.835,151.67763494145714,75.83881747072857,0.644,Medium,linear_midpoint
2025-05-28,Maturity / harvest,0.8,0.80652,4.7872,3.861,0.46,0.0,0.46,106.236,151.67763494145714,75.83881747072857,0.5992,High,linear_midpoint
2025-05-29,Maturity / harvest,0.8,0.80435,4.7813,3.8458,0.2,0.0,0.2,109.881,151.67763494145714,75.83881747072857,0.5511,High,linear_midpoint
2025-05-30,Maturity / harvest,0.8,0.80217,3.838,3.0788,11.28,0.0,11.28,101.68,151.67763494145714,75.83881747072857,0.6593,Medium,linear_midpoint
2025-05-31,Maturity / harvest,0.8,0.8,6.6244,5.2995,0.03,0.0,0.03,106.95,151.67763494145714,75.83881747072857,0.5898,High,stage_anchor
2025-06-01,Maturity / harvest,0.8,0.7971,7.2402,5.7712,0.0,0.0,0.0,112.721,151.67763494145714,75.83881747072857,0.5137,High,linear_midpoint
2025-06-02,Maturity / harvest,0.8,0.7942,7.0199,5.5753,0.26,0.0,0.26,118.036,151.67763494145714,75.83881747072857,0.4436,High,linear_midpoint
2025-06-03,Maturity / harvest,0.8,0.7913,5.9065,4.6739,0.29,0.0,0.29,122.42,151.67763494145714,75.83881747072857,0.3858,High,linear_midpoint
2025-06-04,Maturity / harvest,0.8,0.78841,6.2475,4.9255,0.1,0.0,0.1,127.246,151.67763494145714,75.83881747072857,0.3222,High,linear_midpoint
2025-06-05,Maturity / harvest,0.8,0.78551,6.6411,5.2166,0.05,0.0,0.05,132.412,151.67763494145714,75.83881747072857,0.254,High,linear_midpoint
2025-06-06,Maturity / harvest,0.8,0.78261,5.8113,4.5479,0.62,0.0,0.62,136.34,151.67763494145714,75.83881747072857,0.2022,High,linear_midpoint
2025-06-07,Maturity / harvest,0.8,0.77971,5.6726,4.423,0.68,0.0,0.68,140.083,151.67763494145714,75.83881747072857,0.1529,High,linear_midpoint
2025-06-08,Maturity / harvest,0.8,0.77681,5.3395,4.1478,1.73,0.0,1.73,142.501,151.67763494145714,75.83881747072857,0.121,High,linear_midpoint
2025-06-09,Maturity / harvest,0.8,0.77391,5.2462,4.0601,2.04,0.0,2.04,144.521,151.67763494145714,75.83881747072857,0.0944,High,linear_midpoint
2025-06-10,Maturity / harvest,0.8,0.77101,5.0131,3.8652,6.51,0.0,6.51,141.876,151.67763494145714,75.83881747072857,0.1292,High,linear_midpoint
2025-06-11,Maturity / harvest,0.8,0.76812,3.9142,3.0065,2.2,0.0,2.2,142.683,151.67763494145714,75.83881747072857,0.1186,High,linear_midpoint
2025-06-12,Maturity / harvest,0.8,0.76522,4.6749,3.5773,6.05,0.0,6.05,140.21,151.67763494145714,75.83881747072857,0.1512,High,linear_midpoint
2025-06-13,Maturity / harvest,0.8,0.76232,4.1072,3.131,2.73,0.0,2.73,140.611,151.67763494145714,75.83881747072857,0.1459,High,linear_midpoint
2025-06-14,Maturity / harvest,0.8,0.75942,4.1437,3.1468,1.19,0.0,1.19,142.568,151.67763494145714,75.83881747072857,0.1201,High,linear_midpoint
2025-06-15,Maturity / harvest,0.8,0.75652,4.4289,3.3505,0.96,0.0,0.96,144.958,151.67763494145714,75.83881747072857,0.0886,High,linear_midpoint
2025-06-16,Rest / vegetative phase,0.6,0.75362,5.2988,3.9933,0.0,0.0,0.0,148.952,151.67763494145714,75.83881747072857,0.0359,High,linear_midpoint
2025-06-17,Rest / vegetative phase,0.6,0.75072,5.9043,4.4325,0.71,0.0,0.71,151.678,151.67763494145714,75.83881747072857,0.0,High,linear_midpoint
2025-06-18,Rest / vegetative phase,0.6,0.74783,5.8841,4.4003,0.16,0.0,0.16,151.678,151.67763494145714,75.83881747072857,0.0,High,linear_midpoint
2025-06-19,Rest / vegetative phase,0.6,0.74493,5.5693,4.1487,0.03,0.0,0.03,151.678,151.67763494145714,75.83881747072857,0.0,High,linear_midpoint
2025-06-20,Rest / vegetative phase,0.6,0.74203,6.1795,4.5854,0.47,0.0,0.47,151.678,151.67763494145714,75.83881747072857,0.0,High,linear_midpoint
2025-06-21,Rest / vegetative phase,0.6,0.73913,6.1055,4.5128,0.02,0.0,0.02,151.678,151.67763494145714,75.83881747072857,0.0,High,linear_midpoint
2025-06-22,Rest / vegetative phase,0.6,0.73623,5.2948,3.8982,1.52,0.0,1.52,151.678,151.67763494145714,75.83881747072857,0.0,High,linear_midpoint
2025-06-23,Rest / vegetative phase,0.6,0.73333,6.3293,4.6415,0.05,0.0,0.05,151.678,151.67763494145714,75.83881747072857,0.0,High,linear_midpoint
2025-06-24,Rest / vegetative phase,0.6,0.73043,6.4946,4.7439,0.0,0.0,0.0,151.678,151.67763494145714,75.83881747072857,0.0,High,linear_midpoint
2025-06-25,Rest / vegetative phase,0.6,0.72754,4.7794,3.4772,0.32,0.0,0.32,151.678,151.67763494145714,75.83881747072857,0.0,High,linear_midpoint
2025-06-26,Rest / vegetative phase,0.6,0.72464,4.8957,3.5476,0.08,0.0,0.08,151.678,151.67763494145714,75.83881747072857,0.0,High,linear_midpoint
2025-06-27,Rest / vegetative phase,0.6,0.72174,6.0392,4.3587,0.22,0.0,0.22,151.678,151.67763494145714,75.83881747072857,0.0,High,linear_midpoint
2025-06-28,Rest / vegetative phase,0.6,0.71884,5.5959,4.0226,0.06,0.0,0.06,151.678,151.67763494145714,75.83881747072857,0.0,High,linear_midpoint
2025-06-29,Rest / vegetative phase,0.6,0.71594,6.6056,4.7293,0.0,0.0,0.0,151.678,151.67763494145714,75.83881747072857,0.0,High,linear_midpoint
2025-06-30,Rest / vegetative phase,0.6,0.71304,5.9313,4.2292,0.27,0.0,0.27,151.678,151.67763494145714,75.83881747072857,0.0,High,linear_midpoint
2025-07-01,Rest / vegetative phase,0.6,0.71014,4.8097,3.4156,0.03,0.0,0.03,151.678,151.67763494145714,75.83881747072857,0.0,High,linear_midpoint
2025-07-02,Rest / vegetative phase,0.6,0.70725,5.5197,3.9038,0.68,0.0,0.68,151.678,151.67763494145714,75.83881747072857,0.0,High,linear_midpoint
2025-07-03,Rest / vegetative phase,0.6,0.70435,6.2978,4.4358,0.91,0.0,0.91,151.678,151.67763494145714,75.83881747072857,0.0,High,linear_midpoint
2025-07-04,Rest / vegetative phase,0.6,0.70145,6.8448,4.8012,0.01,0.0,0.01,151.678,151.67763494145714,75.83881747072857,0.0,High,linear_midpoint
2025-07-05,Rest / vegetative phase,0.6,0.69855,7.0657,4.9357,0.02,0.0,0.02,151.678,151.67763494145714,75.83881747072857,0.0,High,linear_midpoint
2025-07-06,Rest / vegetative phase,0.6,0.69565,6.4216,4.4672,0.22,0.0,0.22,151.678,151.67763494145714,75.83881747072857,0.0,High,linear_midpoint
2025-07-07,Rest / vegetative phase,0.6,0.69275,5.9582,4.1276,0.01,0.0,0.01,151.678,151.67763494145714,75.83881747072857,0.0,High,linear_midpoint
2025-07-08,Rest / vegetative phase,0.6,0.68986,6.8689,4.7385,0.4,0.0,0.4,151.678,151.67763494145714,75.83881747072857,0.0,High,linear_midpoint
2025-07-09,Rest / vegetative phase,0.6,0.68696,6.5722,4.5148,0.01,0.0,0.01,151.678,151.67763494145714,75.83881747072857,0.0,High,linear_midpoint
2025-07-10,Rest / vegetative phase,0.6,0.68406,6.267,4.287,0.54,0.0,0.54,151.678,151.67763494145714,75.83881747072857,0.0,High,linear_midpoint
2025-07-11,Rest / vegetative phase,0.6,0.68116,6.6218,4.5105,0.82,0.0,0.82,151.678,151.67763494145714,75.83881747072857,0.0,High,linear_midpoint
2025-07-12,Rest / vegetative phase,0.6,0.67826,6.0818,4.1251,1.15,0.0,1.15,151.678,151.67763494145714,75.83881747072857,0.0,High,linear_midpoint
2025-07-13,Rest / vegetative phase,0.6,0.67536,6.0759,4.1034,3.77,0.0,3.77,151.678,151.67763494145714,75.83881747072857,0.0,High,linear_midpoint
2025-07-14,Rest / vegetative phase,0.6,0.67246,5.3945,3.6276,0.4,0.0,0.4,151.678,151.67763494145714,75.83881747072857,0.0,High,linear_midpoint
2025-07-15,Rest / vegetative phase,0.6,0.66957,5.8568,3.9215,0.03,0.0,0.03,151.678,151.67763494145714,75.83881747072857,0.0,High,linear_midpoint
2025-07-16,Rest / vegetative phase,0.6,0.66667,5.2766,3.5178,10.23,0.0,10.23,144.965,151.67763494145714,75.83881747072857,0.0885,High,linear_midpoint
2025-07-17,Rest / vegetative phase,0.6,0.66377,4.4738,2.9695,20.48,0.0,20.48,127.455,151.67763494145714,75.83881747072857,0.3194,High,linear_midpoint
2025-07-18,Rest / vegetative phase,0.6,0.66087,3.9948,2.64,4.03,0.0,4.03,126.065,151.67763494145714,75.83881747072857,0.3377,High,linear_midpoint
2025-07-19,Rest / vegetative phase,0.6,0.65797,4.1825,2.752,6.72,0.0,6.72,122.097,151.67763494145714,75.83881747072857,0.39,High,linear_midpoint
2025-07-20,Rest / vegetative phase,0.6,0.65507,4.9734,3.258,8.06,0.0,8.06,117.295,151.67763494145714,75.83881747072857,0.4534,High,linear_midpoint
2025-07-21,Rest / vegetative phase,0.6,0.65217,3.8308,2.4983,13.37,0.0,13.37,106.423,151.67763494145714,75.83881747072857,0.5967,High,linear_midpoint
2025-07-22,Rest / vegetative phase,0.6,0.64928,5.2736,3.424,0.8,0.0,0.8,109.047,151.67763494145714,75.83881747072857,0.5621,High,linear_midpoint
2025-07-23,Rest / vegetative phase,0.6,0.64638,4.7107,3.0449,1.34,0.0,1.34,110.752,151.67763494145714,75.83881747072857,0.5396,High,linear_midpoint
2025-07-24,Rest / vegetative phase,0.6,0.64348,4.7611,3.0637,1.19,0.0,1.19,112.626,151.67763494145714,75.83881747072857,0.5149,High,linear_midpoint
2025-07-25,Rest / vegetative phase,0.6,0.64058,4.759,3.0485,0.89,0.0,0.89,114.784,151.67763494145714,75.83881747072857,0.4865,High,linear_midpoint
2025-07-26,Rest / vegetative phase,0.6,0.63768,5.1299,3.2712,0.3,0.0,0.3,117.755,151.67763494145714,75.83881747072857,0.4473,High,linear_midpoint
2025-07-27,Rest / vegetative phase,0.6,0.63478,5.7082,3.6235,0.01,0.0,0.01,121.369,151.67763494145714,75.83881747072857,0.3996,High,linear_midpoint
2025-07-28,Rest / vegetative phase,0.6,0.63188,5.5974,3.5369,0.02,0.0,0.02,124.886,151.67763494145714,75.83881747072857,0.3533,High,linear_midpoint
2025-07-29,Rest / vegetative phase,0.6,0.62899,5.9296,3.7296,0.05,0.0,0.05,128.565,151.67763494145714,75.83881747072857,0.3048,High,linear_midpoint
2025-07-30,Rest / vegetative phase,0.6,0.62609,6.2833,3.9339,0.01,0.0,0.01,132.489,151.67763494145714,75.83881747072857,0.253,High,linear_midpoint
2025-07-31,Rest / vegetative phase,0.6,0.62319,5.1915,3.2353,0.02,0.0,0.02,135.705,151.67763494145714,75.83881747072857,0.2106,High,linear_midpoint
2025-08-01,Rest / vegetative phase,0.6,0.62029,5.5688,3.4543,0.03,0.0,0.03,139.129,151.67763494145714,75.83881747072857,0.1655,High,linear_midpoint
2025-08-02,Rest / vegetative phase,0.6,0.61739,5.0717,3.1312,0.56,0.0,0.56,141.7,151.67763494145714,75.83881747072857,0.1316,High,linear_midpoint
2025-08-03,Rest / vegetative phase,0.6,0.61449,3.8208,2.3479,9.84,0.0,9.84,134.208,151.67763494145714,75.83881747072857,0.2304,High,linear_midpoint
2025-08-04,Rest / vegetative phase,0.6,0.61159,3.8795,2.3727,7.64,0.0,7.64,128.941,151.67763494145714,75.83881747072857,0.2998,High,linear_midpoint
2025-08-05,Rest / vegetative phase,0.6,0.6087,4.253,2.5888,6.23,0.0,6.23,125.3,151.67763494145714,75.83881747072857,0.3478,High,linear_midpoint
2025-08-06,Rest / vegetative phase,0.6,0.6058,4.1781,2.5311,9.61,0.0,9.61,118.221,151.67763494145714,75.83881747072857,0.4412,High,linear_midpoint
2025-08-07,Rest / vegetative phase,0.6,0.6029,4.3112,2.5992,3.23,0.0,3.23,117.59,151.67763494145714,75.83881747072857,0.4495,High,linear_midpoint
2025-08-08,Rest / vegetative phase,0.6,0.6,3.4665,2.0799,31.86,0.0,31.86,87.81,151.67763494145714,75.83881747072857,0.8422,Medium,stage_anchor
2025-08-09,Rest / vegetative phase,0.6,0.6005,3.5366,2.1237,3.6,0.0,3.6,86.333,151.67763494145714,75.83881747072857,0.8616,Medium,linear_midpoint
2025-08-10,Rest / vegetative phase,0.6,0.60101,2.9884,1.796,24.94,0.0,24.94,63.189,151.67763494145714,75.83881747072857,1.0,Low,linear_midpoint
2025-08-11,Rest / vegetative phase,0.6,0.60151,3.2226,1.9384,3.47,0.0,3.47,61.658,151.67763494145714,75.83881747072857,1.0,Low,linear_midpoint
2025-08-12,Rest / vegetative phase,0.6,0.60201,3.3475,2.0152,3.17,0.0,3.17,60.503,151.67763494145714,75.83881747072857,1.0,Low,linear_midpoint
2025-08-13,Rest / vegetative phase,0.6,0.60251,2.9143,1.7559,2.3,0.0,2.3,59.959,151.67763494145714,75.83881747072857,1.0,Low,linear_midpoint
2025-08-14,Rest / vegetative phase,0.6,0.60302,4.0492,2.4417,3.27,0.0,3.27,59.131,151.67763494145714,75.83881747072857,1.0,Low,linear_midpoint
2025-08-15,Rest / vegetative phase,0.6,0.60352,4.4286,2.6727,3.51,0.0,3.51,58.294,151.67763494145714,75.83881747072857,1.0,Low,linear_midpoint
2025-08-16,Rest / vegetative phase,0.6,0.60402,3.9504,2.3862,5.94,0.0,5.94,54.74,151.67763494145714,75.83881747072857,1.0,Low,linear_midpoint
2025-08-17,Rest / vegetative phase,0.6,0.60452,3.1018,1.8751,7.67,0.0,7.67,48.945,151.67763494145714,75.83881747072857,1.0,Low,linear_midpoint
2025-08-18,Rest / vegetative phase,0.6,0.60503,3.6059,2.1817,1.34,0.0,1.34,49.786,151.67763494145714,75.83881747072857,1.0,Low,linear_midpoint
2025-08-19,Rest / vegetative phase,0.6,0.60553,4.4418,2.6896,0.25,0.0,0.25,52.226,151.67763494145714,75.83881747072857,1.0,Low,linear_midpoint
2025-08-20,Rest / vegetative phase,0.6,0.60603,4.4837,2.7173,0.4,0.0,0.4,54.543,151.67763494145714,75.83881747072857,1.0,Low,linear_midpoint
2025-08-21,Rest / vegetative phase,0.6,0.60653,4.369,2.6499,0.69,0.0,0.69,56.503,151.67763494145714,75.83881747072857,1.0,Low,linear_midpoint
2025-08-22,Rest / vegetative phase,0.6,0.60704,4.3102,2.6164,3.57,0.0,3.57,55.55,151.67763494145714,75.83881747072857,1.0,Low,linear_midpoint
2025-08-23,Rest / vegetative phase,0.6,0.60754,3.7742,2.2929,8.89,0.0,8.89,48.953,151.67763494145714,75.83881747072857,1.0,Low,linear_midpoint
2025-08-24,Rest / vegetative phase,0.6,0.60804,5.4011,3.2841,0.03,0.0,0.03,52.207,151.67763494145714,75.83881747072857,1.0,Low,linear_midpoint
2025-08-25,Rest / vegetative phase,0.6,0.60854,4.5144,2.7472,0.0,0.0,0.0,54.954,151.67763494145714,75.83881747072857,1.0,Low,linear_midpoint
2025-08-26,Rest / vegetative phase,0.6,0.60905,4.8321,2.9429,0.11,0.0,0.11,57.787,151.67763494145714,75.83881747072857,1.0,Low,linear_midpoint
2025-08-27,Rest / vegetative phase,0.6,0.60955,3.8969,2.3754,2.3,0.0,2.3,57.862,151.67763494145714,75.83881747072857,1.0,Low,linear_midpoint
2025-08-28,Rest / vegetative phase,0.6,0.61005,4.561,2.7824,3.98,0.0,3.98,56.665,151.67763494145714,75.83881747072857,1.0,Low,linear_midpoint
2025-08-29,Rest / vegetative phase,0.6,0.61055,4.5297,2.7656,0.62,0.0,0.62,58.81,151.67763494145714,75.83881747072857,1.0,Low,linear_midpoint
2025-08-30,Rest / vegetative phase,0.6,0.61106,4.5552,2.7835,3.52,0.0,3.52,58.074,151.67763494145714,75.83881747072857,1.0,Low,linear_midpoint
2025-08-31,Rest / vegetative phase,0.6,0.61156,4.5732,2.7967,3.01,0.0,3.01,57.861,151.67763494145714,75.83881747072857,1.0,Low,linear_midpoint
2025-09-01,Rest / vegetative phase,0.6,0.61206,4.0131,2.4562,3.02,0.0,3.02,57.297,151.67763494145714,75.83881747072857,1.0,Low,linear_midpoint
2025-09-02,Rest / vegetative phase,0.6,0.61256,4.0144,2.4591,8.1,0.0,8.1,51.656,151.67763494145714,75.83881747072857,1.0,Low,linear_midpoint
2025-09-03,Rest / vegetative phase,0.6,0.61307,4.191,2.5694,3.3,0.0,3.3,50.925,151.67763494145714,75.83881747072857,1.0,Low,linear_midpoint
2025-09-04,Rest / vegetative phase,0.6,0.61357,4.8469,2.9739,0.23,0.0,0.23,53.669,151.67763494145714,75.83881747072857,1.0,Low,linear_midpoint
2025-09-05,Rest / vegetative phase,0.6,0.61407,4.6986,2.8853,0.08,0.0,0.08,56.474,151.67763494145714,75.83881747072857,1.0,Low,linear_midpoint
2025-09-06,Rest / vegetative phase,0.6,0.61457,4.8752,2.9961,2.22,0.0,2.22,57.251,151.67763494145714,75.83881747072857,1.0,Low,linear_midpoint
2025-09-07,Rest / vegetative phase,0.6,0.61508,4.7397,2.9152,2.47,0.0,2.47,57.696,151.67763494145714,75.83881747072857,1.0,Low,linear_midpoint
2025-09-08,Rest / vegetative phase,0.6,0.61558,4.9823,3.067,0.54,0.0,0.54,60.223,151.67763494145714,75.83881747072857,1.0,Low,linear_midpoint
2025-09-09,Rest / vegetative phase,0.6,0.61608,4.3808,2.6989,0.1,0.0,0.1,62.822,151.67763494145714,75.83881747072857,1.0,Low,linear_midpoint
2025-09-10,Rest / vegetative phase,0.6,0.61658,4.0054,2.4697,12.38,0.0,12.38,52.911,151.67763494145714,75.83881747072857,1.0,Low,linear_midpoint
2025-09-11,Rest / vegetative phase,0.6,0.61709,3.2618,2.0128,6.57,0.0,6.57,48.354,151.67763494145714,75.83881747072857,1.0,Low,linear_midpoint
2025-09-12,Rest / vegetative phase,0.6,0.61759,3.5439,2.1887,0.5,0.0,0.5,50.043,151.67763494145714,75.83881747072857,1.0,Low,linear_midpoint
2025-09-13,Rest / vegetative phase,0.6,0.61809,2.8736,1.7761,2.46,0.0,2.46,49.359,151.67763494145714,75.83881747072857,1.0,Low,linear_midpoint
2025-09-14,Rest / vegetative phase,0.6,0.61859,3.9544,2.4462,0.43,0.0,0.43,51.375,151.67763494145714,75.83881747072857,1.0,Low,linear_midpoint
2025-09-15,Rest / vegetative phase,0.6,0.6191,4.2307,2.6192,8.02,0.0,8.02,45.974,151.67763494145714,75.83881747072857,1.0,Low,linear_midpoint
2025-09-16,Rest / vegetative phase,0.6,0.6196,3.5462,2.1972,23.42,0.0,23.42,24.752,151.67763494145714,75.83881747072857,1.0,Low,linear_midpoint
2025-09-17,Rest / vegetative phase,0.6,0.6201,2.977,1.846,18.87,0.0,18.87,7.728,151.67763494145714,75.83881747072857,1.0,Low,linear_midpoint
2025-09-18,Rest / vegetative phase,0.6,0.6206,3.3685,2.0905,18.19,0.0,18.19,0.0,151.67763494145714,75.83881747072857,1.0,Low,linear_midpoint
2025-09-19,Rest / vegetative phase,0.6,0.62111,3.649,2.2664,23.71,0.0,23.71,0.0,151.67763494145714,75.83881747072857,1.0,Low,linear_midpoint
2025-09-20,Rest / vegetative phase,0.6,0.62161,3.278,2.0377,1.1,0.0,1.1,0.938,151.67763494145714,75.83881747072857,1.0,Low,linear_midpoint
2025-09-21,Rest / vegetative phase,0.6,0.62211,3.4096,2.1211,6.68,0.0,6.68,0.0,151.67763494145714,75.83881747072857,1.0,Low,linear_midpoint
2025-09-22,Rest / vegetative phase,0.6,0.62261,3.505,2.1822,3.25,0.0,3.25,0.0,151.67763494145714,75.83881747072857,1.0,Low,linear_midpoint
2025-09-23,Rest / vegetative phase,0.6,0.62312,3.3082,2.0614,0.33,0.0,0.33,1.731,151.67763494145714,75.83881747072857,1.0,Low,linear_midpoint
2025-09-24,Rest / vegetative phase,0.6,0.62362,3.4216,2.1338,0.46,0.0,0.46,3.405,151.67763494145714,75.83881747072857,1.0,Low,linear_midpoint
2025-09-25,Rest / vegetative phase,0.6,0.62412,4.0352,2.5185,2.13,0.0,2.13,3.794,151.67763494145714,75.83881747072857,1.0,Low,linear_midpoint
2025-09-26,Rest / vegetative phase,0.6,0.62462,3.7598,2.3485,0.74,0.0,0.74,5.402,151.67763494145714,75.83881747072857,1.0,Low,linear_midpoint
2025-09-27,Rest / vegetative phase,0.6,0.62513,3.9372,2.4613,0.56,0.0,0.56,7.303,151.67763494145714,75.83881747072857,1.0,Low,linear_midpoint
2025-09-28,Rest / vegetative phase,0.6,0.62563,4.1851,2.6183,0.45,0.0,0.45,9.472,151.67763494145714,75.83881747072857,1.0,Low,linear_midpoint
2025-09-29,Rest / vegetative phase,0.6,0.62613,4.3359,2.7148,0.16,0.0,0.16,12.026,151.67763494145714,75.83881747072857,1.0,Low,linear_midpoint
2025-09-30,Rest / vegetative phase,0.6,0.62663,3.7557,2.3535,0.02,0.0,0.02,14.36,151.67763494145714,75.83881747072857,1.0,Low,linear_midpoint
2025-10-01,Flower induction / pre-flowering,0.65,0.62714,4.0587,2.5453,0.04,0.0,0.04,16.865,151.67763494145714,75.83881747072857,1.0,Low,linear_midpoint
2025-10-02,Flower induction / pre-flowering,0.65,0.62764,4.2289,2.6542,1.2,0.0,1.2,18.319,151.67763494145714,75.83881747072857,1.0,Low,linear_midpoint
2025-10-03,Flower induction / pre-flowering,0.65,0.62814,4.3573,2.737,13.99,0.0,13.99,7.066,151.67763494145714,75.83881747072857,1.0,Low,linear_midpoint
2025-10-04,Flower induction / pre-flowering,0.65,0.62864,2.7627,1.7367,0.89,0.0,0.89,7.913,151.67763494145714,75.83881747072857,1.0,Low,linear_midpoint
2025-10-05,Flower induction / pre-flowering,0.65,0.62915,4.3853,2.759,13.02,0.0,13.02,0.0,151.67763494145714,75.83881747072857,1.0,Low,linear_midpoint
2025-10-06,Flower induction / pre-flowering,0.65,0.62965,3.7974,2.391,1.24,0.0,1.24,1.151,151.67763494145714,75.83881747072857,1.0,Low,linear_midpoint
2025-10-07,Flower induction / pre-flowering,0.65,0.63015,4.082,2.5723,0.11,0.0,0.11,3.613,151.67763494145714,75.83881747072857,1.0,Low,linear_midpoint
2025-10-08,Flower induction / pre-flowering,0.65,0.63065,2.879,1.8156,6.63,0.0,6.63,0.0,151.67763494145714,75.83881747072857,1.0,Low,linear_midpoint
2025-10-09,Flower induction / pre-flowering,0.65,0.63116,3.5659,2.2506,5.12,0.0,5.12,0.0,151.67763494145714,75.83881747072857,1.0,Low,linear_midpoint
2025-10-10,Flower induction / pre-flowering,0.65,0.63166,3.5244,2.2262,21.81,0.0,21.81,0.0,151.67763494145714,75.83881747072857,1.0,Low,linear_midpoint
2025-10-11,Flower induction / pre-flowering,0.65,0.63216,3.139,1.9844,11.35,0.0,11.35,0.0,151.67763494145714,75.83881747072857,1.0,Low,linear_midpoint
2025-10-12,Flower induction / pre-flowering,0.65,0.63266,3.9839,2.5205,3.61,0.0,3.61,0.0,151.67763494145714,75.83881747072857,1.0,Low,linear_midpoint
2025-10-13,Flower induction / pre-flowering,0.65,0.63317,3.1761,2.011,2.19,0.0,2.19,0.0,151.67763494145714,75.83881747072857,1.0,Low,linear_midpoint
2025-10-14,Flower induction / pre-flowering,0.65,0.63367,3.2708,2.0726,2.7,0.0,2.7,0.0,151.67763494145714,75.83881747072857,1.0,Low,linear_midpoint
2025-10-15,Flower induction / pre-flowering,0.65,0.63417,3.0672,1.9452,0.93,0.0,0.93,1.015,151.67763494145714,75.83881747072857,1.0,Low,linear_midpoint
2025-10-16,Flower induction / pre-flowering,0.65,0.63467,2.5486,1.6175,5.69,0.0,5.69,0.0,151.67763494145714,75.83881747072857,1.0,Low,linear_midpoint
2025-10-17,Flower induction / pre-flowering,0.65,0.63518,2.5792,1.6383,7.14,0.0,7.14,0.0,151.67763494145714,75.83881747072857,1.0,Low,linear_midpoint
2025-10-18,Flower induction / pre-flowering,0.65,0.63568,2.5582,1.6262,8.14,0.0,8.14,0.0,151.67763494145714,75.83881747072857,1.0,Low,linear_midpoint
2025-10-19,Flower induction / pre-flowering,0.65,0.63618,3.3385,2.1239,0.86,0.0,0.86,1.264,151.67763494145714,75.83881747072857,1.0,Low,linear_midpoint
2025-10-20,Flower induction / pre-flowering,0.65,0.63668,3.0205,1.9231,4.37,0.0,4.37,0.0,151.67763494145714,75.83881747072857,1.0,Low,linear_midpoint
2025-10-21,Flower induction / pre-flowering,0.65,0.63719,1.8043,1.1497,26.61,0.0,26.61,0.0,151.67763494145714,75.83881747072857,1.0,Low,linear_midpoint
2025-10-22,Flower induction / pre-flowering,0.65,0.63769,1.7068,1.0884,13.97,0.0,13.97,0.0,151.67763494145714,75.83881747072857,1.0,Low,linear_midpoint
2025-10-23,Flower induction / pre-flowering,0.65,0.63819,2.7699,1.7677,15.74,0.0,15.74,0.0,151.67763494145714,75.83881747072857,1.0,Low,linear_midpoint
2025-10-24,Flower induction / pre-flowering,0.65,0.63869,2.4965,1.5945,8.86,0.0,8.86,0.0,151.67763494145714,75.83881747072857,1.0,Low,linear_midpoint
2025-10-25,Flower induction / pre-flowering,0.65,0.6392,3.4229,2.1879,1.28,0.0,1.28,0.908,151.67763494145714,75.83881747072857,1.0,Low,linear_midpoint
2025-10-26,Flower induction / pre-flowering,0.65,0.6397,3.1117,1.9905,3.0,0.0,3.0,0.0,151.67763494145714,75.83881747072857,1.0,Low,linear_midpoint
2025-10-27,Flower induction / pre-flowering,0.65,0.6402,1.7132,1.0968,8.37,0.0,8.37,0.0,151.67763494145714,75.83881747072857,1.0,Low,linear_midpoint
2025-10-28,Flower induction / pre-flowering,0.65,0.6407,1.6416,1.0518,10.66,0.0,10.66,0.0,151.67763494145714,75.83881747072857,1.0,Low,linear_midpoint
2025-10-29,Flower induction / pre-flowering,0.65,0.64121,3.5569,2.2807,1.02,0.0,1.02,1.261,151.67763494145714,75.83881747072857,1.0,Low,linear_midpoint
2025-10-30,Flower induction / pre-flowering,0.65,0.64171,4.0511,2.5996,0.01,0.0,0.01,3.85,151.67763494145714,75.83881747072857,1.0,Low,linear_midpoint
2025-10-31,Flower induction / pre-flowering,0.65,0.64221,4.2751,2.7455,0.0,0.0,0.0,6.596,151.67763494145714,75.83881747072857,1.0,Low,linear_midpoint
2025-11-01,Flower induction / pre-flowering,0.65,0.64271,3.795,2.4391,0.0,0.0,0.0,9.035,151.67763494145714,75.83881747072857,1.0,Low,linear_midpoint
2025-11-02,Flower induction / pre-flowering,0.65,0.64322,3.0737,1.977,0.0,0.0,0.0,11.012,151.67763494145714,75.83881747072857,1.0,Low,linear_midpoint
2025-11-03,Flower induction / pre-flowering,0.65,0.64372,3.2679,2.1036,0.8,0.0,0.8,12.316,151.67763494145714,75.83881747072857,1.0,Low,linear_midpoint
2025-11-04,Flower induction / pre-flowering,0.65,0.64422,2.5173,1.6217,0.55,0.0,0.55,13.387,151.67763494145714,75.83881747072857,1.0,Low,linear_midpoint
2025-11-05,Flower induction / pre-flowering,0.65,0.64472,2.7414,1.7674,3.15,0.0,3.15,12.005,151.67763494145714,75.83881747072857,1.0,Low,linear_midpoint
2025-11-06,Flower induction / pre-flowering,0.65,0.64523,1.9966,1.2883,12.05,0.0,12.05,1.243,151.67763494145714,75.83881747072857,1.0,Low,linear_midpoint
2025-11-07,Flower induction / pre-flowering,0.65,0.64573,3.0086,1.9428,1.34,0.0,1.34,1.846,151.67763494145714,75.83881747072857,1.0,Low,linear_midpoint
2025-11-08,Flower induction / pre-flowering,0.65,0.64623,3.2921,2.1275,0.0,0.0,0.0,3.973,151.67763494145714,75.83881747072857,1.0,Low,linear_midpoint
2025-11-09,Flower induction / pre-flowering,0.65,0.64673,3.3167,2.145,0.0,0.0,0.0,6.118,151.67763494145714,75.83881747072857,1.0,Low,linear_midpoint
2025-11-10,Flower induction / pre-flowering,0.65,0.64724,3.3022,2.1373,0.0,0.0,0.0,8.256,151.67763494145714,75.83881747072857,1.0,Low,linear_midpoint
2025-11-11,Flower induction / pre-flowering,0.65,0.64774,3.191,2.0669,0.0,0.0,0.0,10.322,151.67763494145714,75.83881747072857,1.0,Low,linear_midpoint
2025-11-12,Flower induction / pre-flowering,0.65,0.64824,2.9896,1.938,0.0,0.0,0.0,12.26,151.67763494145714,75.83881747072857,1.0,Low,linear_midpoint
2025-11-13,Flower induction / pre-flowering,0.65,0.64874,2.8042,1.8192,0.01,0.0,0.01,14.07,151.67763494145714,75.83881747072857,1.0,Low,linear_midpoint
2025-11-14,Flower induction / pre-flowering,0.65,0.64925,2.8793,1.8694,0.0,0.0,0.0,15.939,151.67763494145714,75.83881747072857,1.0,Low,linear_midpoint
2025-11-15,Flower induction / pre-flowering,0.65,0.64975,2.7996,1.819,0.0,0.0,0.0,17.758,151.67763494145714,75.83881747072857,1.0,Low,stage_anchor
2025-11-16,Flower induction / pre-flowering,0.65,0.65072,2.2571,1.4688,0.05,0.0,0.05,19.177,151.67763494145714,75.83881747072857,1.0,Low,linear_midpoint
2025-11-17,Flower induction / pre-flowering,0.65,0.65217,2.5952,1.6925,0.36,0.0,0.36,20.509,151.67763494145714,75.83881747072857,1.0,Low,linear_midpoint
2025-11-18,Flower induction / pre-flowering,0.65,0.65362,1.6893,1.1042,5.37,0.0,5.37,16.244,151.67763494145714,75.83881747072857,1.0,Low,linear_midpoint
2025-11-19,Flower induction / pre-flowering,0.65,0.65507,2.6767,1.7534,0.63,0.0,0.63,17.367,151.67763494145714,75.83881747072857,1.0,Low,linear_midpoint
2025-11-20,Flower induction / pre-flowering,0.65,0.65652,3.3489,2.1986,0.07,0.0,0.07,19.496,151.67763494145714,75.83881747072857,1.0,Low,linear_midpoint
2025-11-21,Flower induction / pre-flowering,0.65,0.65797,2.1263,1.399,7.41,0.0,7.41,13.485,151.67763494145714,75.83881747072857,1.0,Low,linear_midpoint
2025-11-22,Flower induction / pre-flowering,0.65,0.65942,2.3706,1.5632,3.83,0.0,3.83,11.218,151.67763494145714,75.83881747072857,1.0,Low,linear_midpoint
2025-11-23,Flower induction / pre-flowering,0.65,0.66087,2.1309,1.4083,2.23,0.0,2.23,10.396,151.67763494145714,75.83881747072857,1.0,Low,linear_midpoint
2025-11-24,Flower induction / pre-flowering,0.65,0.66232,2.7214,1.8024,0.66,0.0,0.66,11.538,151.67763494145714,75.83881747072857,1.0,Low,linear_midpoint
2025-11-25,Flower induction / pre-flowering,0.65,0.66377,2.5028,1.6613,0.0,0.0,0.0,13.2,151.67763494145714,75.83881747072857,1.0,Low,linear_midpoint
2025-11-26,Flower induction / pre-flowering,0.65,0.66522,2.6989,1.7954,0.0,0.0,0.0,14.995,151.67763494145714,75.83881747072857,1.0,Low,linear_midpoint
2025-11-27,Flower induction / pre-flowering,0.65,0.66667,2.5329,1.6886,0.0,0.0,0.0,16.684,151.67763494145714,75.83881747072857,1.0,Low,linear_midpoint
2025-11-28,Flower induction / pre-flowering,0.65,0.66812,2.3796,1.5898,0.01,0.0,0.01,18.264,151.67763494145714,75.83881747072857,1.0,Low,linear_midpoint
2025-11-29,Flower induction / pre-flowering,0.65,0.66957,1.5022,1.0058,3.68,0.0,3.68,15.589,151.67763494145714,75.83881747072857,1.0,Low,linear_midpoint
2025-11-30,Flower induction / pre-flowering,0.65,0.67101,1.2686,0.8512,6.39,0.0,6.39,10.051,151.67763494145714,75.83881747072857,1.0,Low,linear_midpoint
2025-12-01,Flower induction / pre-flowering,0.65,0.67246,1.7315,1.1644,3.39,0.0,3.39,7.825,151.67763494145714,75.83881747072857,1.0,Low,linear_midpoint
2025-12-02,Flower induction / pre-flowering,0.65,0.67391,1.7221,1.1606,6.06,0.0,6.06,2.926,151.67763494145714,75.83881747072857,1.0,Low,linear_midpoint
2025-12-03,Flower induction / pre-flowering,0.65,0.67536,1.9303,1.3037,2.26,0.0,2.26,1.969,151.67763494145714,75.83881747072857,1.0,Low,linear_midpoint
2025-12-04,Flower induction / pre-flowering,0.65,0.67681,2.2557,1.5267,7.52,0.0,7.52,0.0,151.67763494145714,75.83881747072857,1.0,Low,linear_midpoint
2025-12-05,Flower induction / pre-flowering,0.65,0.67826,2.145,1.4549,0.62,0.0,0.62,0.835,151.67763494145714,75.83881747072857,1.0,Low,linear_midpoint
2025-12-06,Flower induction / pre-flowering,0.65,0.67971,2.6089,1.7733,0.0,0.0,0.0,2.608,151.67763494145714,75.83881747072857,1.0,Low,linear_midpoint
2025-12-07,Flower induction / pre-flowering,0.65,0.68116,2.4709,1.6831,0.0,0.0,0.0,4.291,151.67763494145714,75.83881747072857,1.0,Low,linear_midpoint
2025-12-08,Flower induction / pre-flowering,0.65,0.68261,2.9843,2.0371,0.0,0.0,0.0,6.328,151.67763494145714,75.83881747072857,1.0,Low,linear_midpoint
2025-12-09,Flower induction / pre-flowering,0.65,0.68406,2.8811,1.9709,0.0,0.0,0.0,8.299,151.67763494145714,75.83881747072857,1.0,Low,linear_midpoint
2025-12-10,Flower induction / pre-flowering,0.65,0.68551,3.0627,2.0995,0.0,0.0,0.0,10.399,151.67763494145714,75.83881747072857,1.0,Low,linear_midpoint
2025-12-11,Flower induction / pre-flowering,0.65,0.68696,2.9614,2.0343,0.0,0.0,0.0,12.433,151.67763494145714,75.83881747072857,1.0,Low,linear_midpoint
2025-12-12,Flower induction / pre-flowering,0.65,0.68841,3.065,2.11,0.0,0.0,0.0,14.543,151.67763494145714,75.83881747072857,1.0,Low,linear_midpoint
2025-12-13,Flower induction / pre-flowering,0.65,0.68986,3.0847,2.128,0.0,0.0,0.0,16.671,151.67763494145714,75.83881747072857,1.0,Low,linear_midpoint
2025-12-14,Flower induction / pre-flowering,0.65,0.6913,3.0059,2.078,0.0,0.0,0.0,18.749,151.67763494145714,75.83881747072857,1.0,Low,linear_midpoint
2025-12-15,Flower induction / pre-flowering,0.65,0.69275,3.0683,2.1256,0.0,0.0,0.0,20.875,151.67763494145714,75.83881747072857,1.0,Low,linear_midpoint
2025-12-16,Flower induction / pre-flowering,0.65,0.6942,1.9262,1.3372,0.23,0.0,0.23,21.982,151.67763494145714,75.83881747072857,1.0,Low,linear_midpoint
2025-12-17,Flower induction / pre-flowering,0.65,0.69565,3.1536,2.1938,0.03,0.0,0.03,24.146,151.67763494145714,75.83881747072857,1.0,Low,linear_midpoint
2025-12-18,Flower induction / pre-flowering,0.65,0.6971,2.7863,1.9423,0.0,0.0,0.0,26.088,151.67763494145714,75.83881747072857,1.0,Low,linear_midpoint
2025-12-19,Flower induction / pre-flowering,0.65,0.69855,2.8007,1.9564,0.0,0.0,0.0,28.044,151.67763494145714,75.83881747072857,1.0,Low,linear_midpoint
2025-12-20,Flower induction / pre-flowering,0.65,0.7,2.679,1.8753,0.0,0.0,0.0,29.92,151.67763494145714,75.83881747072857,1.0,Low,linear_midpoint
2025-12-21,Flower induction / pre-flowering,0.65,0.70145,2.5885,1.8157,0.0,0.0,0.0,31.735,151.67763494145714,75.83881747072857,1.0,Low,linear_midpoint
2025-12-22,Flower induction / pre-flowering,0.65,0.7029,2.3671,1.6638,0.0,0.0,0.0,33.399,151.67763494145714,75.83881747072857,1.0,Low,linear_midpoint
2025-12-23,Flower induction / pre-flowering,0.65,0.70435,2.8447,2.0037,0.0,0.0,0.0,35.403,151.67763494145714,75.83881747072857,1.0,Low,linear_midpoint
2025-12-24,Flower induction / pre-flowering,0.65,0.7058,2.7454,1.9377,0.0,0.0,0.0,37.341,151.67763494145714,75.83881747072857,1.0,Low,linear_midpoint
2025-12-25,Flower induction / pre-flowering,0.65,0.70725,2.984,2.1104,0.0,0.0,0.0,39.451,151.67763494145714,75.83881747072857,1.0,Low,linear_midpoint
2025-12-26,Flower induction / pre-flowering,0.65,0.7087,3.0618,2.1699,0.0,0.0,0.0,41.621,151.67763494145714,75.83881747072857,1.0,Low,linear_midpoint
2025-12-27,Flower induction / pre-flowering,0.65,0.71014,3.1143,2.2116,0.0,0.0,0.0,43.832,151.67763494145714,75.83881747072857,1.0,Low,linear_midpoint
2025-12-28,Flower induction / pre-flowering,0.65,0.71159,2.9167,2.0755,0.0,0.0,0.0,45.908,151.67763494145714,75.83881747072857,1.0,Low,linear_midpoint
2025-12-29,Flower induction / pre-flowering,0.65,0.71304,2.8878,2.0592,0.0,0.0,0.0,47.967,151.67763494145714,75.83881747072857,1.0,Low,linear_midpoint
2025-12-30,Flower induction / pre-flowering,0.65,0.71449,3.0945,2.211,0.0,0.0,0.0,50.178,151.67763494145714,75.83881747072857,1.0,Low,linear_midpoint
2025-12-31,Flower induction / pre-flowering,0.65,0.71594,2.9704,2.1266,0.08,0.0,0.08,52.225,151.67763494145714,75.83881747072857,1.0,Low,linear_midpoint
2026-01-01,Flowering,0.75,0.71739,2.3036,1.6526,0.05,0.0,0.05,53.827,151.67763494145714,75.83881747072857,1.0,Low,linear_midpoint
2026-01-02,Flowering,0.75,0.71884,2.8071,2.0178,0.0,0.0,0.0,55.845,151.67763494145714,75.83881747072857,1.0,Low,linear_midpoint
2026-01-03,Flowering,0.75,0.72029,3.1092,2.2396,0.0,0.0,0.0,58.085,151.67763494145714,75.83881747072857,1.0,Low,linear_midpoint
2026-01-04,Flowering,0.75,0.72174,3.1744,2.2911,0.0,0.0,0.0,60.376,151.67763494145714,75.83881747072857,1.0,Low,linear_midpoint
2026-01-05,Flowering,0.75,0.72319,3.0668,2.2179,0.0,0.0,0.0,62.594,151.67763494145714,75.83881747072857,1.0,Low,linear_midpoint
2026-01-06,Flowering,0.75,0.72464,2.6276,1.9041,0.06,0.0,0.06,64.438,151.67763494145714,75.83881747072857,1.0,Low,linear_midpoint
2026-01-07,Flowering,0.75,0.72609,3.2735,2.3769,0.01,0.0,0.01,66.805,151.67763494145714,75.83881747072857,1.0,Low,linear_midpoint
2026-01-08,Flowering,0.75,0.72754,3.1898,2.3207,0.0,0.0,0.0,69.125,151.67763494145714,75.83881747072857,1.0,Low,linear_midpoint
2026-01-09,Flowering,0.75,0.72899,2.9404,2.1435,0.0,0.0,0.0,71.269,151.67763494145714,75.83881747072857,1.0,Low,linear_midpoint
2026-01-10,Flowering,0.75,0.73043,2.258,1.6493,0.1,0.0,0.1,72.818,151.67763494145714,75.83881747072857,1.0,Low,linear_midpoint
2026-01-11,Flowering,0.75,0.73188,2.2072,1.6154,0.26,0.0,0.26,74.173,151.67763494145714,75.83881747072857,1.0,Low,linear_midpoint
2026-01-12,Flowering,0.75,0.73333,2.3328,1.7107,0.46,0.0,0.46,75.424,151.67763494145714,75.83881747072857,1.0,Low,linear_midpoint
2026-01-13,Flowering,0.75,0.73478,2.9685,2.1812,0.04,0.0,0.04,77.565,151.67763494145714,75.83881747072857,0.9772,Low,linear_midpoint
2026-01-14,Flowering,0.75,0.73623,3.6496,2.687,0.0,0.0,0.0,80.252,151.67763494145714,75.83881747072857,0.9418,Low,linear_midpoint
2026-01-15,Flowering,0.75,0.73768,3.6511,2.6934,0.0,0.0,0.0,82.946,151.67763494145714,75.83881747072857,0.9063,Low,linear_midpoint
2026-01-16,Flowering,0.75,0.73913,3.5201,2.6018,0.0,0.0,0.0,85.548,151.67763494145714,75.83881747072857,0.872,Medium,linear_midpoint
2026-01-17,Flowering,0.75,0.74058,3.6208,2.6815,0.0,0.0,0.0,88.229,151.67763494145714,75.83881747072857,0.8366,Medium,linear_midpoint
2026-01-18,Flowering,0.75,0.74203,3.8747,2.8751,0.0,0.0,0.0,91.104,151.67763494145714,75.83881747072857,0.7987,Medium,linear_midpoint
2026-01-19,Flowering,0.75,0.74348,4.0463,3.0084,0.0,0.0,0.0,94.113,151.67763494145714,75.83881747072857,0.759,Medium,linear_midpoint
2026-01-20,Flowering,0.75,0.74493,3.8685,2.8818,0.0,0.0,0.0,96.994,151.67763494145714,75.83881747072857,0.721,Medium,linear_midpoint
2026-01-21,Flowering,0.75,0.74638,3.7257,2.7808,0.0,0.0,0.0,99.775,151.67763494145714,75.83881747072857,0.6844,Medium,linear_midpoint
2026-01-22,Flowering,0.75,0.74783,3.8173,2.8547,0.0,0.0,0.0,102.63,151.67763494145714,75.83881747072857,0.6467,Medium,linear_midpoint
2026-01-23,Flowering,0.75,0.74928,3.5584,2.6662,0.01,0.0,0.01,105.286,151.67763494145714,75.83881747072857,0.6117,Medium,linear_midpoint
2026-01-24,Flowering,0.75,0.75135,2.3919,1.7971,0.34,0.0,0.34,106.743,151.67763494145714,75.83881747072857,0.5925,High,stage_anchor
2026-01-25,Flowering,0.75,0.75405,2.6153,1.9721,2.12,0.0,2.12,106.595,151.67763494145714,75.83881747072857,0.5944,High,linear_midpoint
2026-01-26,Flowering,0.75,0.75676,2.3498,1.7782,1.63,0.0,1.63,106.744,151.67763494145714,75.83881747072857,0.5925,High,linear_midpoint
2026-01-27,Flowering,0.75,0.75946,3.8425,2.9182,0.12,0.0,0.12,109.542,151.67763494145714,75.83881747072857,0.5556,High,linear_midpoint
2026-01-28,Flowering,0.75,0.76216,3.812,2.9054,0.0,0.0,0.0,112.447,151.67763494145714,75.83881747072857,0.5173,High,linear_midpoint
2026-01-29,Flowering,0.75,0.76486,3.5628,2.7251,0.0,0.0,0.0,115.172,151.67763494145714,75.83881747072857,0.4814,High,linear_midpoint
2026-01-30,Flowering,0.75,0.76757,4.0763,3.1288,0.0,0.0,0.0,118.301,151.67763494145714,75.83881747072857,0.4401,High,linear_midpoint
2026-01-31,Flowering,0.75,0.77027,4.2156,3.2472,0.0,0.0,0.0,121.548,151.67763494145714,75.83881747072857,0.3973,High,linear_midpoint
2026-02-01,Flowering,0.75,0.77297,3.8546,2.9795,0.0,0.0,0.0,124.528,151.67763494145714,75.83881747072857,0.358,High,linear_midpoint
2026-02-02,Flowering,0.75,0.77568,3.778,2.9305,0.0,0.0,0.0,127.458,151.67763494145714,75.83881747072857,0.3194,High,linear_midpoint
2026-02-03,Flowering,0.75,0.77838,4.0497,3.1522,0.0,0.0,0.0,130.61,151.67763494145714,75.83881747072857,0.2778,High,linear_midpoint
2026-02-04,Flowering,0.75,0.78108,4.315,3.3704,0.0,0.0,0.0,133.981,151.67763494145714,75.83881747072857,0.2333,High,linear_midpoint
2026-02-05,Flowering,0.75,0.78378,4.3464,3.4067,0.0,0.0,0.0,137.387,151.67763494145714,75.83881747072857,0.1884,High,linear_midpoint
2026-02-06,Flowering,0.75,0.78649,4.4011,3.4614,0.0,0.0,0.0,140.849,151.67763494145714,75.83881747072857,0.1428,High,linear_midpoint
2026-02-07,Flowering,0.75,0.78919,4.5623,3.6005,0.0,0.0,0.0,144.449,151.67763494145714,75.83881747072857,0.0953,High,linear_midpoint
2026-02-08,Flowering,0.75,0.79189,4.7373,3.7515,0.0,0.0,0.0,148.201,151.67763494145714,75.83881747072857,0.0458,High,linear_midpoint
2026-02-09,Flowering,0.75,0.79459,4.495,3.5717,0.0,0.0,0.0,151.678,151.67763494145714,75.83881747072857,0.0,High,linear_midpoint
2026-02-10,Flowering,0.75,0.7973,4.2566,3.3938,0.0,0.0,0.0,151.678,151.67763494145714,75.83881747072857,0.0,High,linear_midpoint
2026-02-11,Flowering,0.75,0.8,4.4153,3.5322,0.0,0.0,0.0,151.678,151.67763494145714,75.83881747072857,0.0,High,linear_midpoint
2026-02-12,Flowering,0.75,0.8027,4.6649,3.7446,0.0,0.0,0.0,151.678,151.67763494145714,75.83881747072857,0.0,High,linear_midpoint
2026-02-13,Flowering,0.75,0.80541,5.214,4.1994,0.0,0.0,0.0,151.678,151.67763494145714,75.83881747072857,0.0,High,linear_midpoint
2026-02-14,Flowering,0.75,0.80811,4.9631,4.0107,0.0,0.0,0.0,151.678,151.67763494145714,75.83881747072857,0.0,High,linear_midpoint
2026-02-15,Flowering,0.75,0.81081,5.0263,4.0754,0.0,0.0,0.0,151.678,151.67763494145714,75.83881747072857,0.0,High,linear_midpoint
2026-02-16,Fruit set,0.85,0.81351,5.1313,4.1744,0.0,0.0,0.0,151.678,151.67763494145714,75.83881747072857,0.0,High,linear_midpoint
2026-02-17,Fruit set,0.85,0.81622,4.9444,4.0357,0.0,0.0,0.0,151.678,151.67763494145714,75.83881747072857,0.0,High,linear_midpoint
2026-02-18,Fruit set,0.85,0.81892,4.6931,3.8433,0.0,0.0,0.0,151.678,151.67763494145714,75.83881747072857,0.0,High,linear_midpoint
2026-02-19,Fruit set,0.85,0.82162,5.0803,4.1741,0.0,0.0,0.0,151.678,151.67763494145714,75.83881747072857,0.0,High,linear_midpoint
2026-02-20,Fruit set,0.85,0.82432,4.9155,4.052,0.0,0.0,0.0,151.678,151.67763494145714,75.83881747072857,0.0,High,linear_midpoint
2026-02-21,Fruit set,0.85,0.82703,4.9897,4.1266,0.0,0.0,0.0,151.678,151.67763494145714,75.83881747072857,0.0,High,linear_midpoint
2026-02-22,Fruit set,0.85,0.82973,5.1862,4.3031,0.0,0.0,0.0,151.678,151.67763494145714,75.83881747072857,0.0,High,linear_midpoint
2026-02-23,Fruit set,0.85,0.83243,5.34,4.4452,0.0,0.0,0.0,151.678,151.67763494145714,75.83881747072857,0.0,High,linear_midpoint
2026-02-24,Fruit set,0.85,0.83514,5.0156,4.1887,0.0,0.0,0.0,151.678,151.67763494145714,75.83881747072857,0.0,High,linear_midpoint
2026-02-25,Fruit set,0.85,0.83784,5.099,4.2721,0.0,0.0,0.0,151.678,151.67763494145714,75.83881747072857,0.0,High,linear_midpoint
2026-02-26,Fruit set,0.85,0.84054,5.2306,4.3965,0.0,0.0,0.0,151.678,151.67763494145714,75.83881747072857,0.0,High,linear_midpoint
2026-02-27,Fruit set,0.85,0.84324,5.9365,5.0059,0.0,0.0,0.0,151.678,151.67763494145714,75.83881747072857,0.0,High,linear_midpoint
2026-02-28,Fruit set,0.85,0.84595,5.9685,5.049,0.0,0.0,0.0,151.678,151.67763494145714,75.83881747072857,0.0,High,linear_midpoint
2026-03-01,Fruit set,0.85,0.84865,6.4322,5.4587,0.0,0.0,0.0,151.678,151.67763494145714,75.83881747072857,0.0,High,stage_anchor
2026-03-02,Fruit set,0.85,0.85056,6.7722,5.7602,0.0,0.0,0.0,151.678,151.67763494145714,75.83881747072857,0.0,High,linear_midpoint
2026-03-03,Fruit set,0.85,0.85169,7.0243,5.9825,0.0,0.0,0.0,151.678,151.67763494145714,75.83881747072857,0.0,High,linear_midpoint
2026-03-04,Fruit set,0.85,0.85281,6.6641,5.6832,0.0,0.0,0.0,151.678,151.67763494145714,75.83881747072857,0.0,High,linear_midpoint
2026-03-05,Fruit set,0.85,0.85393,6.3592,5.4303,0.0,0.0,0.0,151.678,151.67763494145714,75.83881747072857,0.0,High,linear_midpoint
2026-03-06,Fruit set,0.85,0.85506,6.5227,5.5773,0.0,0.0,0.0,151.678,151.67763494145714,75.83881747072857,0.0,High,linear_midpoint
2026-03-07,Fruit set,0.85,0.85618,7.1277,6.1026,0.0,0.0,0.0,151.678,151.67763494145714,75.83881747072857,0.0,High,linear_midpoint
2026-03-08,Fruit set,0.85,0.8573,6.4622,5.5401,0.0,0.0,0.0,151.678,151.67763494145714,75.83881747072857,0.0,High,linear_midpoint
2026-03-09,Fruit set,0.85,0.85843,5.5829,4.7925,0.0,0.0,0.0,151.678,151.67763494145714,75.83881747072857,0.0,High,linear_midpoint
2026-03-10,Fruit set,0.85,0.85955,6.3445,5.4534,0.0,0.0,0.0,151.678,151.67763494145714,75.83881747072857,0.0,High,linear_midpoint
2026-03-11,Fruit set,0.85,0.86067,6.3353,5.4526,0.0,0.0,0.0,151.678,151.67763494145714,75.83881747072857,0.0,High,linear_midpoint
2026-03-12,Fruit set,0.85,0.8618,6.4188,5.5317,0.0,0.0,0.0,151.678,151.67763494145714,75.83881747072857,0.0,High,linear_midpoint
2026-03-13,Fruit set,0.85,0.86292,6.725,5.8032,0.0,0.0,0.0,151.678,151.67763494145714,75.83881747072857,0.0,High,linear_midpoint
2026-03-14,Fruit set,0.85,0.86404,6.99,6.0396,0.0,0.0,0.0,151.678,151.67763494145714,75.83881747072857,0.0,High,linear_midpoint
2026-03-15,Fruit set,0.85,0.86517,6.6942,5.7916,0.0,0.0,0.0,151.678,151.67763494145714,75.83881747072857,0.0,High,linear_midpoint
2026-03-16,Fruit development,0.9,0.86629,6.5054,5.6356,0.0,0.0,0.0,151.678,151.67763494145714,75.83881747072857,0.0,High,linear_midpoint
2026-03-17,Fruit development,0.9,0.86742,6.198,5.3762,0.02,0.0,0.02,151.678,151.67763494145714,75.83881747072857,0.0,High,linear_midpoint
2026-03-18,Fruit development,0.9,0.86854,5.924,5.1452,4.04,0.0,4.04,151.678,151.67763494145714,75.83881747072857,0.0,High,linear_midpoint
2026-03-19,Fruit development,0.9,0.86966,5.757,5.0066,14.09,0.0,14.09,142.594,151.67763494145714,75.83881747072857,0.1198,High,linear_midpoint
2026-03-20,Fruit development,0.9,0.87079,5.1649,4.4975,0.05,0.0,0.05,147.042,151.67763494145714,75.83881747072857,0.0611,High,linear_midpoint
2026-03-21,Fruit development,0.9,0.87191,5.3044,4.6249,0.0,0.0,0.0,151.667,151.67763494145714,75.83881747072857,0.0001,High,linear_midpoint
2026-03-22,Fruit development,0.9,0.87303,5.8084,5.0709,0.04,0.0,0.04,151.678,151.67763494145714,75.83881747072857,0.0,High,linear_midpoint
2026-03-23,Fruit development,0.9,0.87416,6.2261,5.4426,0.0,0.0,0.0,151.678,151.67763494145714,75.83881747072857,0.0,High,linear_midpoint
2026-03-24,Fruit development,0.9,0.87528,6.3275,5.5384,0.0,0.0,0.0,151.678,151.67763494145714,75.83881747072857,0.0,High,linear_midpoint
2026-03-25,Fruit development,0.9,0.8764,6.8298,5.9857,0.0,0.0,0.0,151.678,151.67763494145714,75.83881747072857,0.0,High,linear_midpoint
2026-03-26,Fruit development,0.9,0.87753,6.8521,6.0129,0.0,0.0,0.0,151.678,151.67763494145714,75.83881747072857,0.0,High,linear_midpoint
2026-03-27,Fruit development,0.9,0.87865,7.4551,6.5504,0.0,0.0,0.0,151.678,151.67763494145714,75.83881747072857,0.0,High,linear_midpoint
2026-03-28,Fruit development,0.9,0.87978,6.9093,6.0786,0.03,0.0,0.03,151.678,151.67763494145714,75.83881747072857,0.0,High,linear_midpoint
2026-03-29,Fruit development,0.9,0.8809,6.8049,5.9944,1.41,0.0,1.41,151.678,151.67763494145714,75.83881747072857,0.0,High,linear_midpoint
2026-03-30,Fruit development,0.9,0.88202,6.9431,6.124,0.01,0.0,0.01,151.678,151.67763494145714,75.83881747072857,0.0,High,linear_midpoint
2026-03-31,Fruit development,0.9,0.88315,6.9206,6.1119,0.0,0.0,0.0,151.678,151.67763494145714,75.83881747072857,0.0,High,linear_midpoint
2026-04-01,Fruit development,0.9,0.88427,7.8732,6.9621,0.0,0.0,0.0,151.678,151.67763494145714,75.83881747072857,0.0,High,linear_midpoint
2026-04-02,Fruit development,0.9,0.88539,7.4631,6.6078,0.0,0.0,0.0,151.678,151.67763494145714,75.83881747072857,0.0,High,linear_midpoint
2026-04-03,Fruit development,0.9,0.88652,6.8827,6.1017,0.05,0.0,0.05,151.678,151.67763494145714,75.83881747072857,0.0,High,linear_midpoint
2026-04-04,Fruit development,0.9,0.88764,5.7376,5.0929,1.07,0.0,1.07,151.678,151.67763494145714,75.83881747072857,0.0,High,linear_midpoint
2026-04-05,Fruit development,0.9,0.88876,6.0378,5.3662,2.42,0.0,2.42,151.678,151.67763494145714,75.83881747072857,0.0,High,linear_midpoint
2026-04-06,Fruit development,0.9,0.88989,7.378,6.5656,0.03,0.0,0.03,151.678,151.67763494145714,75.83881747072857,0.0,High,linear_midpoint
2026-04-07,Fruit development,0.9,0.89101,7.7668,6.9203,0.02,0.0,0.02,151.678,151.67763494145714,75.83881747072857,0.0,High,linear_midpoint
2026-04-08,Fruit development,0.9,0.89213,6.8386,6.1009,0.0,0.0,0.0,151.678,151.67763494145714,75.83881747072857,0.0,High,linear_midpoint
2026-04-09,Fruit development,0.9,0.89326,6.8375,6.1077,0.02,0.0,0.02,151.678,151.67763494145714,75.83881747072857,0.0,High,linear_midpoint
2026-04-10,Fruit development,0.9,0.89438,7.1647,6.408,0.16,0.0,0.16,151.678,151.67763494145714,75.83881747072857,0.0,High,linear_midpoint
2026-04-11,Fruit development,0.9,0.89551,7.9796,7.1458,0.01,0.0,0.01,151.678,151.67763494145714,75.83881747072857,0.0,High,linear_midpoint
2026-04-12,Fruit development,0.9,0.89663,8.0191,7.1902,0.0,0.0,0.0,151.678,151.67763494145714,75.83881747072857,0.0,High,linear_midpoint
2026-04-13,Fruit development,0.9,0.89775,7.9249,7.1146,0.0,0.0,0.0,151.678,151.67763494145714,75.83881747072857,0.0,High,linear_midpoint
2026-04-14,Fruit development,0.9,0.89888,8.1912,7.3629,0.0,0.0,0.0,151.678,151.67763494145714,75.83881747072857,0.0,High,linear_midpoint
2026-04-15,Fruit development,0.9,0.9,8.4546,7.6092,0.0,0.0,0.0,151.678,151.67763494145714,75.83881747072857,0.0,High,stage_anchor
2026-04-16,Fruit development,0.9,0.89783,8.2627,7.4184,0.0,0.0,0.0,151.678,151.67763494145714,75.83881747072857,0.0,High,linear_midpoint
2026-04-17,Fruit development,0.9,0.89565,8.4441,7.563,0.0,0.0,0.0,151.678,151.67763494145714,75.83881747072857,0.0,High,linear_midpoint
2026-04-18,Fruit development,0.9,0.89348,8.0936,7.2315,0.0,0.0,0.0,151.678,151.67763494145714,75.83881747072857,0.0,High,linear_midpoint
2026-04-19,Fruit development,0.9,0.8913,8.2464,7.3501,0.0,0.0,0.0,151.678,151.67763494145714,75.83881747072857,0.0,High,linear_midpoint
2026-04-20,Fruit development,0.9,0.88913,8.0006,7.1136,0.0,0.0,0.0,151.678,151.67763494145714,75.83881747072857,0.0,High,linear_midpoint
2026-04-21,Fruit development,0.9,0.88696,8.1442,7.2236,0.0,0.0,0.0,151.678,151.67763494145714,75.83881747072857,0.0,High,linear_midpoint
2026-04-22,Fruit development,0.9,0.88478,8.1884,7.245,0.0,0.0,0.0,151.678,151.67763494145714,75.83881747072857,0.0,High,linear_midpoint
2026-04-23,Fruit development,0.9,0.88261,7.53,6.6461,0.0,0.0,0.0,151.678,151.67763494145714,75.83881747072857,0.0,High,linear_midpoint
2026-04-24,Fruit development,0.9,0.88043,7.8876,6.9445,0.0,0.0,0.0,151.678,151.67763494145714,75.83881747072857,0.0,High,linear_midpoint
2026-04-25,Fruit development,0.9,0.87826,8.3692,7.3503,0.0,0.0,0.0,151.678,151.67763494145714,75.83881747072857,0.0,High,linear_midpoint
2026-04-26,Fruit development,0.9,0.87609,8.3556,7.3202,0.0,0.0,0.0,151.678,151.67763494145714,75.83881747072857,0.0,High,linear_midpoint
2026-04-27,Fruit development,0.9,0.87391,8.8521,7.736,0.0,0.0,0.0,151.678,151.67763494145714,75.83881747072857,0.0,High,linear_midpoint
2026-04-28,Fruit development,0.9,0.87174,7.9577,6.937,0.0,0.0,0.0,151.678,151.67763494145714,75.83881747072857,0.0,High,linear_midpoint
2026-04-29,Fruit development,0.9,0.86957,6.4149,5.5782,1.31,0.0,1.31,151.678,151.67763494145714,75.83881747072857,0.0,High,linear_midpoint
2026-04-30,Fruit development,0.9,0.86739,6.1427,5.3281,14.63,0.0,14.63,142.376,151.67763494145714,75.83881747072857,0.1227,High,linear_midpoint
2026-05-01,Fruit development,0.9,0.86522,5.9343,5.1345,1.37,0.0,1.37,146.14,151.67763494145714,75.83881747072857,0.073,High,linear_midpoint
2026-05-02,Fruit development,0.9,0.86304,7.3711,6.3616,0.56,0.0,0.56,151.678,151.67763494145714,75.83881747072857,0.0,High,linear_midpoint
2026-05-03,Fruit development,0.9,0.86087,6.0999,5.2512,1.92,0.0,1.92,151.678,151.67763494145714,75.83881747072857,0.0,High,linear_midpoint
2026-05-04,Fruit development,0.9,0.8587,5.6303,4.8347,9.99,0.0,9.99,146.522,151.67763494145714,75.83881747072857,0.068,High,linear_midpoint
2026-05-05,Fruit development,0.9,0.85652,4.778,4.0925,0.41,0.0,0.41,150.205,151.67763494145714,75.83881747072857,0.0194,High,linear_midpoint
2026-05-06,Fruit development,0.9,0.85435,5.6914,4.8624,0.2,0.0,0.2,151.678,151.67763494145714,75.83881747072857,0.0,High,linear_midpoint
2026-05-07,Fruit development,0.9,0.85217,6.4153,5.467,1.06,0.0,1.06,151.678,151.67763494145714,75.83881747072857,0.0,High,linear_midpoint
2026-05-08,Fruit development,0.9,0.85,5.9645,5.0698,0.46,0.0,0.46,151.678,151.67763494145714,75.83881747072857,0.0,High,linear_midpoint
2026-05-09,Fruit development,0.9,0.84783,5.7544,4.8787,1.83,0.0,1.83,151.678,151.67763494145714,75.83881747072857,0.0,High,linear_midpoint
2026-05-10,Fruit development,0.9,0.84565,6.5416,5.5319,0.61,0.0,0.61,151.678,151.67763494145714,75.83881747072857,0.0,High,linear_midpoint
2026-05-11,Fruit development,0.9,0.84348,6.619,5.5829,0.14,0.0,0.14,151.678,151.67763494145714,75.83881747072857,0.0,High,linear_midpoint
2026-05-12,Fruit development,0.9,0.8413,7.0151,5.9018,0.0,0.0,0.0,151.678,151.67763494145714,75.83881747072857,0.0,High,linear_midpoint
2026-05-13,Fruit development,0.9,0.83913,6.9435,5.8265,0.0,0.0,0.0,151.678,151.67763494145714,75.83881747072857,0.0,High,linear_midpoint
2026-05-14,Fruit development,0.9,0.83696,6.8929,5.7691,0.0,0.0,0.0,151.678,151.67763494145714,75.83881747072857,0.0,High,linear_midpoint
2026-05-15,Fruit development,0.9,0.83478,5.5227,4.6102,0.03,0.0,0.03,151.678,151.67763494145714,75.83881747072857,0.0,High,linear_midpoint
2026-05-16,Maturity / harvest,0.8,0.83261,6.3816,5.3133,0.1,0.0,0.1,151.678,151.67763494145714,75.83881747072857,0.0,High,linear_midpoint
2026-05-17,Maturity / harvest,0.8,0.83043,6.2279,5.1718,0.06,0.0,0.06,151.678,151.67763494145714,75.83881747072857,0.0,High,linear_midpoint
2026-05-18,Maturity / harvest,0.8,0.82826,5.7696,4.7787,6.02,0.0,6.02,150.436,151.67763494145714,75.83881747072857,0.0164,High,linear_midpoint
2026-05-19,Maturity / harvest,0.8,0.82609,5.3876,4.4506,3.42,0.0,3.42,151.467,151.67763494145714,75.83881747072857,0.0028,High,linear_midpoint
2026-05-20,Maturity / harvest,0.8,0.82391,6.4719,5.3323,0.3,0.0,0.3,151.678,151.67763494145714,75.83881747072857,0.0,High,linear_midpoint
2026-05-21,Maturity / harvest,0.8,0.82174,7.2783,5.9809,8.86,0.0,8.86,148.798,151.67763494145714,75.83881747072857,0.038,High,linear_midpoint
2026-05-22,Maturity / harvest,0.8,0.81957,5.9387,4.8672,4.33,0.0,4.33,149.336,151.67763494145714,75.83881747072857,0.0309,High,linear_midpoint
2026-05-23,Maturity / harvest,0.8,0.81739,4.6208,3.777,1.65,0.0,1.65,151.463,151.67763494145714,75.83881747072857,0.0028,High,linear_midpoint
2026-05-24,Maturity / harvest,0.8,0.81522,6.5458,5.3363,0.9,0.0,0.9,151.678,151.67763494145714,75.83881747072857,0.0,High,linear_midpoint
2026-05-25,Maturity / harvest,0.8,0.81304,6.5936,5.3609,0.05,0.0,0.05,151.678,151.67763494145714,75.83881747072857,0.0,High,linear_midpoint
2026-05-26,Maturity / harvest,0.8,0.81087,5.7569,4.6681,20.05,0.0,20.05,136.296,151.67763494145714,75.83881747072857,0.2028,High,linear_midpoint
2026-05-27,Maturity / harvest,0.8,0.8087,5.0543,4.0874,2.3,0.0,2.3,138.083,151.67763494145714,75.83881747072857,0.1793,High,linear_midpoint
2026-05-28,Maturity / harvest,0.8,0.80652,5.3381,4.3053,2.91,0.0,2.91,139.478,151.67763494145714,75.83881747072857,0.1609,High,linear_midpoint
2026-05-29,Maturity / harvest,0.8,0.80435,5.6666,4.558,3.21,0.0,3.21,140.826,151.67763494145714,75.83881747072857,0.1431,High,linear_midpoint
2026-05-30,Maturity / harvest,0.8,0.80217,4.938,3.9611,2.45,0.0,2.45,142.337,151.67763494145714,75.83881747072857,0.1232,High,linear_midpoint
2026-05-31,Maturity / harvest,0.8,0.8,5.6562,4.525,1.55,0.0,1.55,145.312,151.67763494145714,75.83881747072857,0.0839,High,stage_anchor
2026-06-01,Maturity / harvest,0.8,0.7956,5.5168,4.3892,2.71,0.0,2.71,146.992,151.67763494145714,75.83881747072857,0.0618,High,linear_midpoint
2026-06-02,Maturity / harvest,0.8,0.79121,5.9187,4.6829,4.38,0.0,4.38,147.295,151.67763494145714,75.83881747072857,0.0578,High,linear_midpoint
2026-06-03,Maturity / harvest,0.8,0.78681,4.9751,3.9145,0.06,0.0,0.06,151.149,151.67763494145714,75.83881747072857,0.007,High,linear_midpoint
2026-06-04,Maturity / harvest,0.8,0.78242,7.7916,6.0963,0.16,0.0,0.16,151.678,151.67763494145714,75.83881747072857,0.0,High,linear_midpoint
2026-06-05,Maturity / harvest,0.8,0.77802,6.8238,5.3091,0.22,0.0,0.22,151.678,151.67763494145714,75.83881747072857,0.0,High,linear_midpoint
2026-06-06,Maturity / harvest,0.8,0.77363,6.3732,4.9305,0.15,0.0,0.15,151.678,151.67763494145714,75.83881747072857,0.0,High,linear_midpoint
2026-06-07,Maturity / harvest,0.8,0.76923,5.4174,4.1672,0.68,0.0,0.68,151.678,151.67763494145714,75.83881747072857,0.0,High,linear_midpoint
2026-06-08,Maturity / harvest,0.8,0.76484,6.0269,4.6096,0.49,0.0,0.49,151.678,151.67763494145714,75.83881747072857,0.0,High,linear_midpoint
2026-06-09,Maturity / harvest,0.8,0.76044,5.9926,4.557,0.33,0.0,0.33,151.678,151.67763494145714,75.83881747072857,0.0,High,linear_midpoint
2026-06-10,Maturity / harvest,0.8,0.75604,4.2126,3.1849,0.13,0.0,0.13,151.678,151.67763494145714,75.83881747072857,0.0,High,linear_midpoint
2026-06-11,Maturity / harvest,0.8,0.75165,4.0692,3.0586,0.31,0.0,0.31,151.678,151.67763494145714,75.83881747072857,0.0,High,linear_midpoint
2026-06-12,Maturity / harvest,0.8,0.74725,3.9823,2.9758,18.67,0.0,18.67,135.983,151.67763494145714,75.83881747072857,0.2069,High,linear_midpoint
2026-06-13,Maturity / harvest,0.8,0.74286,4.8647,3.6138,12.51,0.0,12.51,127.087,151.67763494145714,75.83881747072857,0.3242,High,linear_midpoint
2026-06-14,Maturity / harvest,0.8,0.73846,5.3778,3.9713,0.74,0.0,0.74,130.318,151.67763494145714,75.83881747072857,0.2816,High,linear_midpoint
2026-06-15,Maturity / harvest,0.8,0.73407,6.3595,4.6683,0.55,0.0,0.55,134.437,151.67763494145714,75.83881747072857,0.2273,High,linear_midpoint
2026-06-16,Rest / vegetative phase,0.6,0.72967,6.1458,4.4844,0.0,0.0,0.0,138.921,151.67763494145714,75.83881747072857,0.1682,High,linear_midpoint
2026-06-17,Rest / vegetative phase,0.6,0.72527,5.8583,4.2489,1.38,0.0,1.38,141.79,151.67763494145714,75.83881747072857,0.1304,High,linear_midpoint
2026-06-18,Rest / vegetative phase,0.6,0.72088,4.0681,2.9326,1.62,0.0,1.62,143.103,151.67763494145714,75.83881747072857,0.1131,High,linear_midpoint
2026-06-19,Rest / vegetative phase,0.6,0.71648,3.9835,2.8541,0.67,0.0,0.67,145.287,151.67763494145714,75.83881747072857,0.0843,High,linear_midpoint
2026-06-20,Rest / vegetative phase,0.6,0.71209,3.7465,2.6679,1.56,0.0,1.56,146.395,151.67763494145714,75.83881747072857,0.0697,High,linear_midpoint
2026-06-21,Rest / vegetative phase,0.6,0.70769,3.4734,2.4581,4.91,0.0,4.91,143.943,151.67763494145714,75.83881747072857,0.102,High,linear_midpoint
2026-06-22,Rest / vegetative phase,0.6,0.7033,4.798,3.3744,1.84,0.0,1.84,145.477,151.67763494145714,75.83881747072857,0.0818,High,linear_midpoint
2026-06-23,Rest / vegetative phase,0.6,0.6989,5.5995,3.9135,0.74,0.0,0.74,148.651,151.67763494145714,75.83881747072857,0.0399,High,linear_midpoint
2026-06-24,Rest / vegetative phase,0.6,0.69451,7.3213,5.0847,0.0,0.0,0.0,151.678,151.67763494145714,75.83881747072857,0.0,High,linear_midpoint
2026-06-25,Rest / vegetative phase,0.6,0.69011,6.9022,4.7633,0.34,0.0,0.34,151.678,151.67763494145714,75.83881747072857,0.0,High,linear_midpoint
2026-06-26,Rest / vegetative phase,0.6,0.68571,6.495,4.4537,0.12,0.0,0.12,151.678,151.67763494145714,75.83881747072857,0.0,High,linear_midpoint
2026-06-27,Rest / vegetative phase,0.6,0.68132,5.8975,4.0181,0.47,0.0,0.47,151.678,151.67763494145714,75.83881747072857,0.0,High,linear_midpoint
2026-06-28,Rest / vegetative phase,0.6,0.67692,4.8754,3.3003,2.55,0.0,2.55,151.678,151.67763494145714,75.83881747072857,0.0,High,linear_midpoint
2026-06-29,Rest / vegetative phase,0.6,0.67253,5.7445,3.8633,0.74,0.0,0.74,151.678,151.67763494145714,75.83881747072857,0.0,High,linear_midpoint
2026-06-30,Rest / vegetative phase,0.6,0.66813,6.2286,4.1615,0.06,0.0,0.06,151.678,151.67763494145714,75.83881747072857,0.0,High,linear_midpoint
2026-07-01,Rest / vegetative phase,0.6,0.66374,3.9174,2.6001,1.51,0.0,1.51,151.678,151.67763494145714,75.83881747072857,0.0,High,linear_midpoint
2026-07-02,Rest / vegetative phase,0.6,0.65934,3.8762,2.5558,1.57,0.0,1.57,151.678,151.67763494145714,75.83881747072857,0.0,High,linear_midpoint
2026-07-03,Rest / vegetative phase,0.6,0.65495,4.2005,2.7511,3.28,0.0,3.28,151.149,151.67763494145714,75.83881747072857,0.007,High,linear_midpoint
2026-07-04,Rest / vegetative phase,0.6,0.65055,3.9308,2.5572,0.38,0.0,0.38,151.678,151.67763494145714,75.83881747072857,0.0,High,linear_midpoint
2026-07-05,Rest / vegetative phase,0.6,0.64615,5.1714,3.3415,0.01,0.0,0.01,151.678,151.67763494145714,75.83881747072857,0.0,High,linear_midpoint
2026-07-06,Rest / vegetative phase,0.6,0.64176,5.9335,3.8079,0.09,0.0,0.09,151.678,151.67763494145714,75.83881747072857,0.0,High,linear_midpoint
2026-07-07,Rest / vegetative phase,0.6,0.63736,5.4038,3.4442,0.74,0.0,0.74,151.678,151.67763494145714,75.83881747072857,0.0,High,linear_midpoint
2026-07-08,Rest / vegetative phase,0.6,0.63297,4.5063,2.8523,0.78,0.0,0.78,151.678,151.67763494145714,75.83881747072857,0.0,High,linear_midpoint
2026-07-09,Rest / vegetative phase,0.6,0.62857,4.4621,2.8048,4.54,0.0,4.54,149.942,151.67763494145714,75.83881747072857,0.0229,High,linear_midpoint
2026-07-10,Rest / vegetative phase,0.6,0.62418,3.6249,2.2626,5.92,0.0,5.92,146.285,151.67763494145714,75.83881747072857,0.0711,High,linear_midpoint
2026-07-11,Rest / vegetative phase,0.6,0.61978,5.0012,3.0996,0.35,0.0,0.35,149.035,151.67763494145714,75.83881747072857,0.0349,High,linear_midpoint
2026-07-12,Rest / vegetative phase,0.6,0.61538,6.1412,3.7792,0.48,0.0,0.48,151.678,151.67763494145714,75.83881747072857,0.0,High,linear_midpoint
2026-07-13,Rest / vegetative phase,0.6,0.61099,6.5356,3.9932,0.66,0.0,0.66,151.678,151.67763494145714,75.83881747072857,0.0,High,linear_midpoint
2026-07-14,Rest / vegetative phase,0.6,0.60659,6.5884,3.9965,0.12,0.0,0.12,151.678,151.67763494145714,75.83881747072857,0.0,High,linear_midpoint
2026-07-15,Rest / vegetative phase,0.6,0.6022,6.8016,4.0959,0.0,0.0,0.0,151.678,151.67763494145714,75.83881747072857,0.0,High,stage_anchor
2026-07-16,Rest / vegetative phase,0.6,0.6,5.1362,3.0817,1.21,0.0,1.21,151.678,151.67763494145714,75.83881747072857,0.0,High,linear_midpoint
2026-07-17,Rest / vegetative phase,0.6,0.6,4.9027,2.9416,4.0,0.0,4.0,150.619,151.67763494145714,75.83881747072857,0.014,High,linear_midpoint
2026-07-18,Rest / vegetative phase,0.6,0.6,3.8026,2.2816,4.25,0.0,4.25,148.651,151.67763494145714,75.83881747072857,0.0399,High,linear_midpoint
2026-07-19,Rest / vegetative phase,0.6,0.6,4.1321,2.4792,2.99,0.0,2.99,148.14,151.67763494145714,75.83881747072857,0.0466,High,linear_midpoint
2026-07-20,Rest / vegetative phase,0.6,0.6,4.4939,2.6963,6.01,0.0,6.01,144.826,151.67763494145714,75.83881747072857,0.0903,High,linear_midpoint
2026-07-21,Rest / vegetative phase,0.6,0.6,3.5354,2.1212,1.01,0.0,1.01,145.938,151.67763494145714,75.83881747072857,0.0757,High,linear_midpoint
2026-07-22,Rest / vegetative phase,0.6,0.6,4.2507,2.5504,0.82,0.0,0.82,147.668,151.67763494145714,75.83881747072857,0.0529,High,linear_midpoint
2026-07-23,Rest / vegetative phase,0.6,0.6,5.4657,3.2794,0.72,0.0,0.72,150.227,151.67763494145714,75.83881747072857,0.0191,High,linear_midpoint
2026-07-24,Rest / vegetative phase,0.6,0.6,4.8103,2.8862,2.13,0.0,2.13,150.984,151.67763494145714,75.83881747072857,0.0092,High,linear_midpoint
2026-07-25,Rest / vegetative phase,0.6,0.6,4.9097,2.9458,5.29,0.0,5.29,148.639,151.67763494145714,75.83881747072857,0.0401,High,linear_midpoint
2026-07-26,Rest / vegetative phase,0.6,0.6,4.6283,2.777,1.6,0.0,1.6,149.816,151.67763494145714,75.83881747072857,0.0245,High,linear_midpoint
2026-07-27,Rest / vegetative phase,0.6,0.6,4.3196,2.5918,5.31,0.0,5.31,147.098,151.67763494145714,75.83881747072857,0.0604,High,linear_midpoint
2026-07-28,Rest / vegetative phase,0.6,0.6,4.0561,2.4336,2.36,0.0,2.36,147.172,151.67763494145714,75.83881747072857,0.0594,High,linear_midpoint
2026-07-29,Rest / vegetative phase,0.6,0.6,4.3304,2.5982,1.91,0.0,1.91,147.86,151.67763494145714,75.83881747072857,0.0503,High,linear_midpoint
2026-07-30,Rest / vegetative phase,0.6,0.6,4.67,2.802,0.54,0.0,0.54,150.122,151.67763494145714,75.83881747072857,0.0205,High,linear_midpoint
2026-07-31,Rest / vegetative phase,0.6,0.6,5.187,3.1122,4.32,0.0,4.32,148.914,151.67763494145714,75.83881747072857,0.0364,High,linear_midpoint
2026-08-01,Rest / vegetative phase,0.6,0.6,4.0498,2.4299,5.54,0.0,5.54,145.804,151.67763494145714,75.83881747072857,0.0774,High,linear_midpoint
2026-08-02,Rest / vegetative phase,0.6,0.6,4.4692,2.6815,8.63,0.0,8.63,139.856,151.67763494145714,75.83881747072857,0.1559,High,linear_midpoint
2026-08-03,Rest / vegetative phase,0.6,0.6,4.3825,2.6295,6.84,0.0,6.84,135.645,151.67763494145714,75.83881747072857,0.2114,High,linear_midpoint
2026-08-04,Rest / vegetative phase,0.6,0.6,4.4424,2.6655,11.31,0.0,11.31,127.001,151.67763494145714,75.83881747072857,0.3254,High,linear_midpoint
2026-08-05,Rest / vegetative phase,0.6,0.6,3.9662,2.3797,0.82,0.0,0.82,128.56,151.67763494145714,75.83881747072857,0.3048,High,linear_midpoint
2026-08-06,Rest / vegetative phase,0.6,0.6,3.8511,2.3107,3.38,0.0,3.38,127.491,151.67763494145714,75.83881747072857,0.3189,High,linear_midpoint
2026-08-07,Rest / vegetative phase,0.6,0.6,3.0804,1.8482,4.26,0.0,4.26,125.079,151.67763494145714,75.83881747072857,0.3507,High,linear_midpoint
2026-08-08,Rest / vegetative phase,0.6,0.6,3.874,2.3244,1.65,0.0,1.65,125.754,151.67763494145714,75.83881747072857,0.3418,High,linear_midpoint
2026-08-09,Rest / vegetative phase,0.6,0.6,4.6741,2.8045,1.43,0.0,1.43,127.128,151.67763494145714,75.83881747072857,0.3237,High,linear_midpoint
2026-08-10,Rest / vegetative phase,0.6,0.6,4.8184,2.8911,3.05,0.0,3.05,126.969,151.67763494145714,75.83881747072857,0.3258,High,linear_midpoint
2026-08-11,Rest / vegetative phase,0.6,0.6,5.05,3.03,3.5,0.0,3.5,126.499,151.67763494145714,75.83881747072857,0.332,High,linear_midpoint
2026-08-12,Rest / vegetative phase,0.6,0.6,4.8948,2.9369,3.9,0.0,3.9,125.536,151.67763494145714,75.83881747072857,0.3447,High,linear_midpoint
2026-08-13,Rest / vegetative phase,0.6,0.6,3.7437,2.2462,2.57,0.0,2.57,125.212,151.67763494145714,75.83881747072857,0.349,High,linear_midpoint
2026-08-14,Rest / vegetative phase,0.6,0.6,5.1026,3.0615,0.29,0.0,0.29,127.984,151.67763494145714,75.83881747072857,0.3124,High,linear_midpoint
