date,temperature_max_c,temperature_min_c,temperature_avg_c,precipitation_mm,rainfall_mm,relative_humidity_percent,solar_radiation_mj_m2,wind_speed_max_kmh,et0_mm,rainfall_3day_mm,rainfall_7day_mm,irrigation_risk_score,heat_stress_risk_score,disease_risk_score,irrigation_risk_level,heat_stress_risk_level,disease_risk_level,soil_irrigation_factor,soil_adjusted_irrigation_risk_score,soil_adjusted_irrigation_risk_level,data_source
2026-09-20,30.3,21.6,24.9,3.1,1.9,76,18.13,21.7,4.16,1.9,1.9,0.45,0.0,0.6,Medium,Low,Medium,0.8932666666666667,0.40197,Medium,Open-Meteo Forecast
2026-09-21,30.2,21.6,25.1,7.3,2.7,79,20.08,19.4,4.35,4.6,4.6,0.45,0.0,0.6,Medium,Low,Medium,0.8932666666666667,0.40197,Medium,Open-Meteo Forecast
2026-09-22,28.8,22.6,25.5,0.3,0.1,67,14.47,25.0,4.31,4.7,4.7,0.45,0.0,0.44999999999999996,Medium,Low,Medium,0.8932666666666667,0.40197,Medium,Open-Meteo Forecast
2026-09-23,27.8,23.2,25.0,2.0,0.8,70,15.87,31.5,4.55,3.6,5.5,0.6,0.0,0.44999999999999996,Medium,Low,Medium,0.8932666666666667,0.53596,Medium,Open-Meteo Forecast
2026-09-24,30.2,22.5,25.8,0.3,0.3,63,18.99,33.7,5.91,1.2,5.8,0.6,0.0,0.3,Medium,Low,Low,0.8932666666666667,0.53596,Medium,Open-Meteo Forecast
2026-09-25,30.3,23.0,25.6,1.4,0.8,70,20.2,25.9,5.41,1.9,6.6,0.6,0.0,0.44999999999999996,Medium,Low,Medium,0.8932666666666667,0.53596,Medium,Open-Meteo Forecast
2026-09-26,31.1,22.5,26.3,0.0,0.0,59,24.47,24.1,6.23,1.1,6.6,0.7,0.0,0.3,High,Low,Low,0.8932666666666667,0.6252866666666667,Medium,Open-Meteo Forecast
2026-09-27,31.3,22.0,26.3,0.3,0.3,60,24.1,16.6,5.56,1.1,5.0,0.6,0.0,0.3,Medium,Low,Low,0.8932666666666667,0.53596,Medium,Open-Meteo Forecast
2026-09-28,31.2,21.9,25.7,7.1,5.2,69,23.37,10.6,4.93,5.5,7.5,0.6,0.0,0.5499999999999999,Medium,Low,Medium,0.8932666666666667,0.53596,Medium,Open-Meteo Forecast
2026-09-29,31.1,21.5,24.5,17.5,4.0,82,18.43,18.5,3.79,9.5,11.400000000000002,0.25,0.0,0.7,Low,Low,High,0.8932666666666667,0.22331666666666666,Low,Open-Meteo Forecast
2026-09-30,29.6,20.8,23.7,5.9,2.8,83,18.73,12.6,3.84,12.0,13.4,0.25,0.0,0.5499999999999999,Low,Low,Medium,0.8932666666666667,0.22331666666666666,Low,Open-Meteo Forecast
2026-10-01,29.7,20.3,24.8,1.5,1.2,76,24.35,12.4,5.0,8.0,14.3,0.4,0.0,0.7,Medium,Low,High,0.8932666666666667,0.35730666666666666,Low,Open-Meteo Forecast
2026-10-02,30.3,20.5,25.1,0.3,0.0,75,23.87,11.9,5.05,4.0,13.5,0.4,0.0,0.6,Medium,Low,Medium,0.8932666666666667,0.35730666666666666,Low,Open-Meteo Forecast
2026-10-03,29.4,20.5,24.9,3.6,3.0,78,22.08,10.4,4.62,4.2,16.5,0.4,0.0,0.6,Medium,Low,Medium,0.8932666666666667,0.35730666666666666,Low,Open-Meteo Forecast
