date,openmeteo_temperature_max_c,openmeteo_temperature_min_c,openmeteo_temperature_avg_c,openmeteo_precipitation_mm,openmeteo_rain_mm,openmeteo_relative_humidity_percent,openmeteo_solar_radiation_mj_m2,openmeteo_wind_speed_max_kmh,openmeteo_et0_mm
2026-09-24,30.2,22.5,25.8,0.3,0.3,63,18.99,33.7,5.91
2026-09-25,30.3,23.0,25.6,1.4,0.8,70,20.2,25.9,5.41
2026-09-26,31.1,22.5,26.3,0.0,0.0,59,24.47,24.1,6.23
2026-09-27,31.3,22.0,26.4,0.1,0.1,59,24.36,16.6,5.73
2026-09-28,30.3,22.1,25.7,2.2,2.1,73,21.47,10.9,4.55
2026-09-29,30.2,21.1,25.1,6.8,2.9,79,21.13,10.9,4.41
2026-09-30,30.8,21.9,24.8,23.8,5.1,81,19.87,12.2,4.13
2026-10-01,31.4,21.5,25.7,1.2,1.1,70,23.4,14.1,5.24
2026-10-02,29.8,20.8,24.9,1.8,1.4,75,23.56,12.8,5.11
2026-10-03,29.5,19.9,24.3,0.7,0.7,75,23.35,11.7,4.98
2026-10-04,30.6,20.4,24.7,4.6,2.5,78,22.2,10.1,4.64
2026-10-05,29.0,21.1,23.9,3.0,1.8,84,19.12,6.7,3.78
2026-10-06,29.2,20.6,23.6,9.6,3.9,85,20.4,11.9,4.08
2026-10-07,29.4,20.1,24.6,0.0,0.0,77,22.93,10.8,4.83
